file,frequency_hz,gain_db,phase_deg
I_B=0.35_A=0.1_1-50HZ_D=20s.csv,1.25,-0.0203765618842466,-2.50591652021743
I_B=0.35_A=0.1_1-50HZ_D=20s.csv,1.38108590901741,0.0194247604241442,-2.27878860788252
I_B=0.35_A=0.1_1-50HZ_D=20s.csv,1.52591863046916,0.0445927483561579,-2.09252512055346
I_B=0.35_A=0.1_1-50HZ_D=20s.csv,1.68593977507848,0.0972216431325455,-1.69947054197775
I_B=0.35_A=0.1_1-50HZ_D=20s.csv,1.8627421334503,0.182942138970691,-0.568939773453025
I_B=0.35_A=0.1_1-50HZ_D=20s.csv,2.05808553011299,0.173881669994847,0.563363203558879
I_B=0.35_A=0.1_1-50HZ_D=20s.csv,2.27391434015334,0.00768179576319007,1.03802721762759
I_B=0.35_A=0.1_1-50HZ_D=20s.csv,2.51237684279872,-0.119547980651092,0.0643402830760635
I_B=0.35_A=0.1_1-50HZ_D=20s.csv,2.77584660458477,-0.192047188016172,-1.33142430621749
I_B=0.35_A=0.1_1-50HZ_D=20s.csv,3.06694610494868,-0.434067443714291,-1.91183176191873
I_B=0.35_A=0.1_1-50HZ_D=20s.csv,3.38857283940837,-0.257957097878895,-2.69730245517832
I_B=0.35_A=0.1_1-50HZ_D=20s.csv,3.74392816014881,0.0067113661503911,-1.95193444297303
I_B=0.35_A=0.1_1-50HZ_D=20s.csv,4.136549141084,0.23014320544355,4.05602577621949
I_B=0.35_A=0.1_1-50HZ_D=20s.csv,4.57034378456735,-0.0525862589264207,1.8622731727981
I_B=0.35_A=0.1_1-50HZ_D=20s.csv,5.04962992018502,0.0230081681795564,0.222746366150375
I_B=0.35_A=0.1_1-50HZ_D=20s.csv,5.57917818281619,0.0983379507734004,-1.12209705318764
I_B=0.35_A=0.1_1-50HZ_D=20s.csv,6.16425949774785,0.0450614366312565,0.496257673447587
I_B=0.35_A=0.1_1-50HZ_D=20s.csv,6.81069754549303,-0.0939918464757514,-3.41338392455231
I_B=0.35_A=0.1_1-50HZ_D=20s.csv,7.52492672852792,0.0531719768998347,-6.05247058535161
I_B=0.35_A=0.1_1-50HZ_D=20s.csv,8.31405621692671,-0.0542699536182996,-0.179973581559494
I_B=0.35_A=0.1_1-50HZ_D=20s.csv,9.18594071038086,0.109067777409222,3.15480885120894
I_B=0.35_A=0.1_1-50HZ_D=20s.csv,10.1492586209411,0.126223387277706,-1.16212694309218
I_B=0.35_A=0.1_1-50HZ_D=20s.csv,11.2135984546842,0.489358217109876,-1.68647781156594
I_B=0.35_A=0.1_1-50HZ_D=20s.csv,12.389554252115,0.171879765812639,-2.65664227880615
I_B=0.35_A=0.1_1-50HZ_D=20s.csv,13.6888310372822,0.161738628399004,-9.39870005654922
I_B=0.35_A=0.1_1-50HZ_D=20s.csv,15.1243613252085,-0.358922332073546,-3.11659729110252
I_B=0.35_A=0.1_1-50HZ_D=20s.csv,16.7104338473067,-0.274332186984043,-8.04014241443383
I_B=0.35_A=0.1_1-50HZ_D=20s.csv,18.4628357760663,0.322726316729875,-8.7641336377815
I_B=0.35_A=0.1_1-50HZ_D=20s.csv,20.3990098646622,-0.530395197500952,-1.38307962499201
I_B=0.35_A=0.1_1-50HZ_D=20s.csv,22.5382280655937,0.557130568369972,2.17732670018043
I_B=0.35_A=0.1_1-50HZ_D=20s.csv,24.9017833564898,0.156509676216728,-5.72891201732489
I_B=0.35_A=0.1_1-50HZ_D=20s.csv,27.5132016824418,1.29138500956058,-7.01136355586976
I_B=0.35_A=0.1_1-50HZ_D=20s.csv,30.3984761244596,-0.723177695789081,-11.3884346071699
I_B=0.35_A=0.1_1-50HZ_D=20s.csv,33.5863256248747,0.0951352921051607,-5.15181384190751
I_B=0.35_A=0.1_1-50HZ_D=20s.csv,37.1084808449478,1.97986210318267,-10.7002772365976
I_B=0.35_A=0.1_1-50HZ_D=20s.csv,41,-0.92461393943002,-4.6216253588878
I_B=0.3_A=0.1_1-50HZ_D=20s.csv,1.25,-0.247116403367605,-0.694479730393482
I_B=0.3_A=0.1_1-50HZ_D=20s.csv,1.38108590901741,-0.138710273268395,-0.144553749792891
I_B=0.3_A=0.1_1-50HZ_D=20s.csv,1.52591863046916,-0.0833815518629168,0.11836193500784
I_B=0.3_A=0.1_1-50HZ_D=20s.csv,1.68593977507848,0.0505212529989264,0.603266184005065
I_B=0.3_A=0.1_1-50HZ_D=20s.csv,1.8627421334503,0.229085065153982,1.19917020943774
I_B=0.3_A=0.1_1-50HZ_D=20s.csv,2.05808553011299,0.317775503771407,0.465656637137755
I_B=0.3_A=0.1_1-50HZ_D=20s.csv,2.27391434015334,0.279160861081065,-0.735245864936019
I_B=0.3_A=0.1_1-50HZ_D=20s.csv,2.51237684279872,0.0844626947582763,-1.08665650023181
I_B=0.3_A=0.1_1-50HZ_D=20s.csv,2.77584660458477,-0.0331869220373837,-2.49854603913752
I_B=0.3_A=0.1_1-50HZ_D=20s.csv,3.06694610494868,-0.0686592912622804,-3.01300042068837
I_B=0.3_A=0.1_1-50HZ_D=20s.csv,3.38857283940837,0.105341668698949,-0.601575477216159
I_B=0.3_A=0.1_1-50HZ_D=20s.csv,3.74392816014881,0.391992559748297,0.984632518908995
I_B=0.3_A=0.1_1-50HZ_D=20s.csv,4.136549141084,0.453181845654334,-0.219762987166888
I_B=0.3_A=0.1_1-50HZ_D=20s.csv,4.57034378456735,0.245876283128786,-3.29794152704349
I_B=0.3_A=0.1_1-50HZ_D=20s.csv,5.04962992018502,0.499001316354464,-2.42223775071244
I_B=0.3_A=0.1_1-50HZ_D=20s.csv,5.57917818281619,0.313677731560294,1.39509883498221
I_B=0.3_A=0.1_1-50HZ_D=20s.csv,6.16425949774785,-0.168589200932421,-0.675109042919701
I_B=0.3_A=0.1_1-50HZ_D=20s.csv,6.81069754549303,0.487738441740562,-0.535802043731877
I_B=0.3_A=0.1_1-50HZ_D=20s.csv,7.52492672852792,0.167447184308317,-1.49063398024484
I_B=0.3_A=0.1_1-50HZ_D=20s.csv,8.31405621692671,-0.0759764411384841,-0.0962099714265605
I_B=0.3_A=0.1_1-50HZ_D=20s.csv,9.18594071038086,0.063898910844182,-0.236666418014892
I_B=0.3_A=0.1_1-50HZ_D=20s.csv,10.1492586209411,0.081634332304285,4.73479475696959
I_B=0.3_A=0.1_1-50HZ_D=20s.csv,11.2135984546842,0.308636622211782,4.40735076436823
I_B=0.3_A=0.1_1-50HZ_D=20s.csv,12.389554252115,-0.409948524106299,5.28220221716529
I_B=0.3_A=0.1_1-50HZ_D=20s.csv,13.6888310372822,0.568468909267717,1.43355675043296
I_B=0.3_A=0.1_1-50HZ_D=20s.csv,15.1243613252085,-0.0612959170288882,-2.29651164206498
I_B=0.3_A=0.1_1-50HZ_D=20s.csv,16.7104338473067,0.734549602995077,-4.26277578878145
I_B=0.3_A=0.1_1-50HZ_D=20s.csv,18.4628357760663,0.17379835510998,-8.66936608016093
I_B=0.3_A=0.1_1-50HZ_D=20s.csv,20.3990098646622,0.0514886639454139,-1.96016037059169
I_B=0.3_A=0.1_1-50HZ_D=20s.csv,22.5382280655937,0.997836567683359,-4.5840880710831
I_B=0.3_A=0.1_1-50HZ_D=20s.csv,24.9017833564898,0.404339154870551,-9.48037302393254
I_B=0.3_A=0.1_1-50HZ_D=20s.csv,27.5132016824418,1.1701121891523,-5.97979570646129
I_B=0.3_A=0.1_1-50HZ_D=20s.csv,30.3984761244596,0.397659662587654,0.628760576031596
I_B=0.3_A=0.1_1-50HZ_D=20s.csv,33.5863256248747,-0.0879826569963642,-2.6463034085848
I_B=0.3_A=0.1_1-50HZ_D=20s.csv,37.1084808449478,-0.126002739864438,-5.66285944867678
I_B=0.3_A=0.1_1-50HZ_D=20s.csv,41,0.840340178044365,-7.71973503182542
I_B=0.3_A=0.2_1-100HZ_D=40s.csv,1.25,0.110493226725122,-0.334470933238265
I_B=0.3_A=0.2_1-100HZ_D=40s.csv,1.4087098499467,0.0731830628207009,-0.400359542944756
I_B=0.3_A=0.2_1-100HZ_D=40s.csv,1.58757075306948,0.0332969521783597,-0.633154501903562
I_B=0.3_A=0.2_1-100HZ_D=40s.csv,1.78914124586902,0.149361861106775,-0.608972788916816
I_B=0.3_A=0.2_1-100HZ_D=40s.csv,2.01630471680128,0.231796600377342,-0.539540862200141
I_B=0.3_A=0.2_1-100HZ_D=40s.csv,2.27231065204156,0.172181454242927,-0.738854033877828
I_B=0.3_A=0.2_1-100HZ_D=40s.csv,2.5608211181358,0.0417000866649894,-1.15782803153121
I_B=0.3_A=0.2_1-100HZ_D=40s.csv,2.88596314645554,-0.142025669242863,0.0028508193714174
I_B=0.3_A=0.2_1-100HZ_D=40s.csv,3.25238776879606,0.0829350604126119,0.100069566324976
I_B=0.3_A=0.2_1-100HZ_D=40s.csv,3.66533654859935,0.0926576426681242,-0.817690714498468
I_B=0.3_A=0.2_1-100HZ_D=40s.csv,4.13071655950523,0.134902911834711,-0.598551658244901
I_B=0.3_A=0.2_1-100HZ_D=40s.csv,4.65518488377036,0.274178384043187,-2.53937357835645
I_B=0.3_A=0.2_1-100HZ_D=40s.csv,5.24624383927223,-0.0704717766966796,-1.5169929597819
I_B=0.3_A=0.2_1-100HZ_D=40s.csv,5.91234829728398,0.18988896933383,-1.92734945134825
I_B=0.3_A=0.2_1-100HZ_D=40s.csv,6.66302662615963,-0.0839289316388621,-0.656024520039836
I_B=0.3_A=0.2_1-100HZ_D=40s.csv,7.50901699098255,0.0389995722624723,-1.56306210099686
I_B=0.3_A=0.2_1-100HZ_D=40s.csv,8.46242095889139,0.046933690668193,-3.12156111158868
I_B=0.3_A=0.2_1-100HZ_D=40s.csv,9.53687660734855,-0.113032249492701,-0.567943167289684
I_B=0.3_A=0.2_1-100HZ_D=40s.csv,10.7477536115985,-0.14701266642301,-3.74215198038488
I_B=0.3_A=0.2_1-100HZ_D=40s.csv,12.1123731019672,0.135344498199159,-3.68633370299261
I_B=0.3_A=0.2_1-100HZ_D=40s.csv,13.6502554359766,-0.000279853262418941,-3.20166391726181
I_B=0.3_A=0.2_1-100HZ_D=40s.csv,15.3833994295589,-0.151118591809651,-5.66106521225612
I_B=0.3_A=0.2_1-100HZ_D=40s.csv,17.3365970416673,-0.00161022419491468,-5.29852658245946
I_B=0.3_A=0.2_1-100HZ_D=40s.csv,19.5377880137228,0.0729284429504716,-1.26655453776343
I_B=0.3_A=0.2_1-100HZ_D=40s.csv,22.0184595368815,-0.242004977769583,-2.60112834739189
I_B=0.3_A=0.2_1-100HZ_D=40s.csv,24.8140966642062,0.258270006432908,-6.32753186040088
I_B=0.3_A=0.2_1-100HZ_D=40s.csv,27.9646899107174,0.222663181954715,-1.71666584654281
I_B=0.3_A=0.2_1-100HZ_D=40s.csv,31.5153073023462,-0.0559999486307607,-8.44942993137033
I_B=0.3_A=0.2_1-100HZ_D=40s.csv,35.5167390567297,0.088351858089575,-7.37902067640715
I_B=0.3_A=0.2_1-100HZ_D=40s.csv,40.0262241177614,0.56042480542339,-4.69808237174163
I_B=0.3_A=0.2_1-100HZ_D=40s.csv,45.1082689366917,0.120571203993433,-8.70413996265594
I_B=0.3_A=0.2_1-100HZ_D=40s.csv,50.8355702121299,0.25135907311908,-12.3017991343715
I_B=0.3_A=0.2_1-100HZ_D=40s.csv,57.2900547883875,-0.26653923459573,-8.12229173597825
I_B=0.3_A=0.2_1-100HZ_D=40s.csv,64.56405158751,0.198781881452802,-14.6406914953583
I_B=0.3_A=0.2_1-100HZ_D=40s.csv,72.7616123390337,0.0160715227944825,-13.0875136789777
I_B=0.3_A=0.2_1-100HZ_D=40s.csv,82,-0.286367171173399,-10.9113170450597
I_B=0.3_A=0.2_1-50HZ_D=40s.csv,1.25,0.108846969922513,-1.06638594286414
I_B=0.3_A=0.2_1-50HZ_D=40s.csv,1.38108590901741,0.1160359885289,-1.20308867602847
I_B=0.3_A=0.2_1-50HZ_D=40s.csv,1.52591863046916,0.0179517479884851,-1.23588660446293
I_B=0.3_A=0.2_1-50HZ_D=40s.csv,1.68593977507848,-0.11075872827807,-1.27015463654905
I_B=0.3_A=0.2_1-50HZ_D=40s.csv,1.8627421334503,-0.0850641771895112,-0.869413869119029
I_B=0.3_A=0.2_1-50HZ_D=40s.csv,2.05808553011299,-0.00182640130496036,-0.558937552415614
I_B=0.3_A=0.2_1-50HZ_D=40s.csv,2.27391434015334,0.123050108395315,-0.628285879312813
I_B=0.3_A=0.2_1-50HZ_D=40s.csv,2.51237684279872,0.0779284539606333,-0.511685696805699
I_B=0.3_A=0.2_1-50HZ_D=40s.csv,2.77584660458477,0.0179341060271295,-1.01728357942525
I_B=0.3_A=0.2_1-50HZ_D=40s.csv,3.06694610494868,0.119155631953303,-0.435159887662621
I_B=0.3_A=0.2_1-50HZ_D=40s.csv,3.38857283940837,-0.0269584265694881,-1.18569292525979
I_B=0.3_A=0.2_1-50HZ_D=40s.csv,3.74392816014881,0.0114785130456389,-2.28564885329459
I_B=0.3_A=0.2_1-50HZ_D=40s.csv,4.136549141084,-0.264085621157892,0.395789702830001
I_B=0.3_A=0.2_1-50HZ_D=40s.csv,4.57034378456735,-0.206078911433938,-1.34835386950274
I_B=0.3_A=0.2_1-50HZ_D=40s.csv,5.04962992018502,-0.103390256375287,-1.42103803749595
I_B=0.3_A=0.2_1-50HZ_D=40s.csv,5.57917818281619,-0.109071728066031,-1.92890450462491
I_B=0.3_A=0.2_1-50HZ_D=40s.csv,6.16425949774785,-0.00999150898375838,-2.27831844971499
I_B=0.3_A=0.2_1-50HZ_D=40s.csv,6.81069754549303,0.0339633253814477,-3.37264405338973
I_B=0.3_A=0.2_1-50HZ_D=40s.csv,7.52492672852792,0.396457070340529,-4.70640170050783
I_B=0.3_A=0.2_1-50HZ_D=40s.csv,8.31405621692671,-0.153567666253607,-5.00081396747933
I_B=0.3_A=0.2_1-50HZ_D=40s.csv,9.18594071038086,-0.135525667195731,-3.68443874072216
I_B=0.3_A=0.2_1-50HZ_D=40s.csv,10.1492586209411,-0.0591230426883029,-1.59854859805168
I_B=0.3_A=0.2_1-50HZ_D=40s.csv,11.2135984546842,0.116758246895106,1.02086477319085
I_B=0.3_A=0.2_1-50HZ_D=40s.csv,12.389554252115,-0.0761201860030983,-4.99444619415618
I_B=0.3_A=0.2_1-50HZ_D=40s.csv,13.6888310372822,-0.0773913554016252,-2.8050907885293
I_B=0.3_A=0.2_1-50HZ_D=40s.csv,15.1243613252085,0.346052962274115,-5.61879103603846
I_B=0.3_A=0.2_1-50HZ_D=40s.csv,16.7104338473067,0.13610175372493,-3.80601614757353
I_B=0.3_A=0.2_1-50HZ_D=40s.csv,18.4628357760663,-0.294411245331563,-4.13779918672793
I_B=0.3_A=0.2_1-50HZ_D=40s.csv,20.3990098646622,0.0686682378289291,-5.13862978749427
I_B=0.3_A=0.2_1-50HZ_D=40s.csv,22.5382280655937,-0.438527021523724,-4.5746515432761
I_B=0.3_A=0.2_1-50HZ_D=40s.csv,24.9017833564898,0.7533278871952,-7.25879698922012
I_B=0.3_A=0.2_1-50HZ_D=40s.csv,27.5132016824418,0.0422810398461825,-2.97460606597849
I_B=0.3_A=0.2_1-50HZ_D=40s.csv,30.3984761244596,-0.130339850607241,-8.24836466514694
I_B=0.3_A=0.2_1-50HZ_D=40s.csv,33.5863256248747,-1.09790559903249,-11.005084169005
I_B=0.3_A=0.2_1-50HZ_D=40s.csv,37.1084808449478,-0.409674017506303,-9.95593602537559
I_B=0.3_A=0.2_1-50HZ_D=40s.csv,41,0.293189721473498,-13.7179132274456
