lut_index,lut_raw21,ideal_raw21,corr_error_counts,corr_error_deg
0,0,0,0,0
1,1063,1024,39,0.00669479370117188
2,2144,2048,96,0.0164794921875
3,3241,3072,169,0.0290107727050781
4,4355,4096,259,0.0444602966308594
5,5474,5120,354,0.0607681274414062
6,6615,6144,471,0.0808525085449219
7,7732,7168,564,0.0968170166015625
8,8862,8192,670,0.115013122558594
9,10008,9216,792,0.135955810546875
10,11155,10240,915,0.157070159912109
11,12278,11264,1014,0.174064636230469
12,13373,12288,1085,0.186252593994141
13,14466,13312,1154,0.198097229003906
14,15559,14336,1223,0.209941864013672
15,16658,15360,1298,0.222816467285156
16,17761,16384,1377,0.236377716064453
17,18828,17408,1420,0.243759155273438
18,19876,18432,1444,0.247879028320312
19,20902,19456,1446,0.248222351074219
20,21969,20480,1489,0.255603790283203
21,23043,21504,1539,0.264186859130859
22,24103,22528,1575,0.270366668701172
23,25145,23552,1593,0.273456573486328
24,26161,24576,1585,0.272083282470703
25,27177,25600,1577,0.270709991455078
26,28179,26624,1555,0.266933441162109
27,29176,27648,1528,0.262298583984375
28,30206,28672,1534,0.263328552246094
29,31224,29696,1528,0.262298583984375
30,32238,30720,1518,0.260581970214844
31,33235,31744,1491,0.255947113037109
32,34260,32768,1492,0.256118774414062
33,35281,33792,1489,0.255603790283203
34,36283,34816,1467,0.251827239990234
35,37311,35840,1471,0.252513885498047
36,38336,36864,1472,0.252685546875
37,39359,37888,1471,0.252513885498047
38,40361,38912,1449,0.248737335205078
39,41358,39936,1422,0.244102478027344
40,42372,40960,1412,0.242385864257812
41,43350,41984,1366,0.234489440917969
42,44320,43008,1312,0.2252197265625
43,45308,44032,1276,0.219039916992188
44,46261,45056,1205,0.206851959228516
45,47193,46080,1113,0.191059112548828
46,48139,47104,1035,0.177669525146484
47,49071,48128,943,0.161876678466797
48,49982,49152,830,0.142478942871094
49,50905,50176,729,0.125141143798828
50,51835,51200,635,0.109004974365234
51,52767,52224,543,0.0932121276855469
52,53687,53248,439,0.0753593444824219
53,54628,54272,356,0.0611114501953125
54,55609,55296,313,0.0537300109863281
55,56581,56320,261,0.0448036193847656
56,57560,57344,216,0.037078857421875
57,58571,58368,203,0.0348472595214844
58,59580,59392,188,0.0322723388671875
59,60612,60416,196,0.0336456298828125
60,61633,61440,193,0.0331306457519531
61,62663,62464,199,0.0341606140136719
62,63735,63488,247,0.0424003601074219
63,64800,64512,288,0.0494384765625
64,65865,65536,329,0.0564765930175781
65,66962,66560,402,0.0690078735351562
66,68043,67584,459,0.0787925720214844
67,69113,68608,505,0.0866889953613281
68,70182,69632,550,0.0944137573242188
69,71294,70656,638,0.109519958496094
70,72398,71680,718,0.123252868652344
71,73463,72704,759,0.130290985107422
72,74540,73728,812,0.139389038085938
73,75614,74752,862,0.147972106933594
74,76660,75776,884,0.151748657226562
75,77706,76800,906,0.155525207519531
76,78757,77824,933,0.160160064697266
77,79769,78848,921,0.158100128173828
78,80736,79872,864,0.1483154296875
79,81721,80896,825,0.141620635986328
80,82705,81920,785,0.134754180908203
81,83646,82944,702,0.120506286621094
82,84583,83968,615,0.105571746826172
83,85513,84992,521,0.0894355773925781
84,86433,86016,417,0.0715827941894531
85,87344,87040,304,0.05218505859375
86,88239,88064,175,0.0300407409667969
87,89145,89088,57,0.00978469848632812
88,90056,90112,-56,-0.009613037109375
89,90965,91136,-171,-0.0293540954589844
90,91881,92160,-279,-0.0478935241699219
91,92748,93184,-436,-0.0748443603515625
92,93605,94208,-603,-0.103511810302734
93,94449,95232,-783,-0.134410858154297
94,95304,96256,-952,-0.163421630859375
95,96161,97280,-1119,-0.192089080810547
96,97026,98304,-1278,-0.219383239746094
97,97862,99328,-1466,-0.251655578613281
98,98699,100352,-1653,-0.283756256103516
99,99559,101376,-1817,-0.311908721923828
100,100428,102400,-1972,-0.338516235351562
101,101295,103424,-2129,-0.365467071533203
102,102180,104448,-2268,-0.389328002929688
103,103063,105472,-2409,-0.413532257080078
104,103986,106496,-2510,-0.430870056152344
105,104914,107520,-2606,-0.447349548339844
106,105841,108544,-2703,-0.464000701904297
107,106768,109568,-2800,-0.48065185546875
108,107691,110592,-2901,-0.497989654541016
109,108621,111616,-2995,-0.514125823974609
110,109597,112640,-3043,-0.522365570068359
111,110576,113664,-3088,-0.53009033203125
112,111573,114688,-3115,-0.534725189208984
113,112545,115712,-3167,-0.543651580810547
114,113498,116736,-3238,-0.555839538574219
115,114467,117760,-3293,-0.565280914306641
116,115432,118784,-3352,-0.575408935546875
117,116413,119808,-3395,-0.582790374755859
118,117417,120832,-3415,-0.586223602294922
119,118401,121856,-3455,-0.593090057373047
120,119377,122880,-3503,-0.601329803466797
121,120330,123904,-3574,-0.613517761230469
122,121295,124928,-3633,-0.623645782470703
123,122273,125952,-3679,-0.631542205810547
124,123271,126976,-3705,-0.636005401611328
125,124270,128000,-3730,-0.640296936035156
126,125244,129024,-3780,-0.648880004882812
127,126218,130048,-3830,-0.657463073730469
128,127183,131072,-3889,-0.667591094970703
129,128150,132096,-3946,-0.677375793457031
130,129096,133120,-4024,-0.690765380859375
131,130061,134144,-4083,-0.700893402099609
132,131030,135168,-4138,-0.710334777832031
133,131990,136192,-4202,-0.721321105957031
134,132950,137216,-4266,-0.732307434082031
135,133905,138240,-4335,-0.744152069091797
136,134856,139264,-4408,-0.756683349609375
137,135823,140288,-4465,-0.766468048095703
138,136774,141312,-4538,-0.778999328613281
139,137753,142336,-4583,-0.786724090576172
140,138715,143360,-4645,-0.797367095947266
141,139675,144384,-4709,-0.808353424072266
142,140607,145408,-4801,-0.824146270751953
143,141539,146432,-4893,-0.839939117431641
144,142481,147456,-4975,-0.854015350341797
145,143408,148480,-5072,-0.87066650390625
146,144286,149504,-5218,-0.895729064941406
147,145195,150528,-5333,-0.915470123291016
148,146081,151552,-5471,-0.939159393310547
149,146947,152576,-5629,-0.966281890869141
150,147770,153600,-5830,-1.00078582763672
151,148618,154624,-6006,-1.03099822998047
152,149434,155648,-6214,-1.06670379638672
153,150247,156672,-6425,-1.10292434692383
154,151056,157696,-6640,-1.13983154296875
155,151890,158720,-6830,-1.17244720458984
156,152677,159744,-7067,-1.21313095092773
157,153507,160768,-7261,-1.24643325805664
158,154336,161792,-7456,-1.2799072265625
159,155187,162816,-7629,-1.30960464477539
160,156014,163840,-7826,-1.34342193603516
161,156890,164864,-7974,-1.36882781982422
162,157759,165888,-8129,-1.39543533325195
163,158624,166912,-8288,-1.4227294921875
164,159512,167936,-8424,-1.44607543945312
165,160432,168960,-8528,-1.46392822265625
166,161322,169984,-8662,-1.48693084716797
167,162205,171008,-8803,-1.51113510131836
168,163093,172032,-8939,-1.53448104858398
169,163997,173056,-9059,-1.55508041381836
170,164901,174080,-9179,-1.57567977905273
171,165833,175104,-9271,-1.59147262573242
172,166793,176128,-9335,-1.60245895385742
173,167737,177152,-9415,-1.61619186401367
174,168681,178176,-9495,-1.62992477416992
175,169632,179200,-9568,-1.6424560546875
176,170606,180224,-9618,-1.65103912353516
177,171629,181248,-9619,-1.65121078491211
178,172635,182272,-9637,-1.65430068969727
179,173635,183296,-9661,-1.65842056274414
180,174628,184320,-9692,-1.66374206542969
181,175622,185344,-9722,-1.66889190673828
182,176634,186368,-9734,-1.67095184326172
183,177652,187392,-9740,-1.67198181152344
184,178680,188416,-9736,-1.67129516601562
185,179698,189440,-9742,-1.67232513427734
186,180681,190464,-9783,-1.67936325073242
187,181688,191488,-9800,-1.68228149414062
188,182690,192512,-9822,-1.68605804443359
189,183669,193536,-9867,-1.69378280639648
190,184678,194560,-9882,-1.69635772705078
191,185654,195584,-9930,-1.70459747314453
192,186647,196608,-9961,-1.70991897583008
193,187614,197632,-10018,-1.71970367431641
194,188590,198656,-10066,-1.72794342041016
195,189594,199680,-10086,-1.73137664794922
196,190594,200704,-10110,-1.73549652099609
197,191591,201728,-10137,-1.74013137817383
198,192584,202752,-10168,-1.74545288085938
199,193525,203776,-10251,-1.75970077514648
200,194504,204800,-10296,-1.76742553710938
201,195434,205824,-10390,-1.78356170654297
202,196377,206848,-10471,-1.79746627807617
203,197328,207872,-10544,-1.80999755859375
204,198276,208896,-10620,-1.82304382324219
205,199211,209920,-10709,-1.83832168579102
206,200148,210944,-10796,-1.85325622558594
207,201103,211968,-10865,-1.8651008605957
208,202068,212992,-10924,-1.87522888183594
209,203021,214016,-10995,-1.88741683959961
210,204016,215040,-11024,-1.89239501953125
211,205027,216064,-11037,-1.89462661743164
212,206029,217088,-11059,-1.89840316772461
213,207008,218112,-11104,-1.9061279296875
214,207972,219136,-11164,-1.91642761230469
215,208953,220160,-11207,-1.92380905151367
216,209946,221184,-11238,-1.92913055419922
217,210941,222208,-11267,-1.93410873413086
218,211936,223232,-11296,-1.9390869140625
219,212894,224256,-11362,-1.95041656494141
220,213833,225280,-11447,-1.96500778198242
221,214790,226304,-11514,-1.97650909423828
222,215720,227328,-11608,-1.99264526367188
223,216682,228352,-11670,-2.00328826904297
224,217642,229376,-11734,-2.01427459716797
225,218588,230400,-11812,-2.02766418457031
226,219521,231424,-11903,-2.04328536987305
227,220443,232448,-12005,-2.06079483032227
228,221382,233472,-12090,-2.07538604736328
229,222345,234496,-12151,-2.08585739135742
230,223333,235520,-12187,-2.09203720092773
231,224339,236544,-12205,-2.09512710571289
232,225339,237568,-12229,-2.09924697875977
233,226341,238592,-12251,-2.10302352905273
234,227350,239616,-12266,-2.10559844970703
235,228357,240640,-12283,-2.10851669311523
236,229373,241664,-12291,-2.10988998413086
237,230426,242688,-12262,-2.10491180419922
238,231512,243712,-12200,-2.09426879882812
239,232579,244736,-12157,-2.08688735961914
240,233679,245760,-12081,-2.0738410949707
241,234788,246784,-11996,-2.05924987792969
242,235906,247808,-11902,-2.04311370849609
243,237046,248832,-11786,-2.02320098876953
244,238225,249856,-11631,-1.9965934753418
245,239425,250880,-11455,-1.96638107299805
246,240609,251904,-11295,-1.93891525268555
247,241771,252928,-11157,-1.91522598266602
248,242929,253952,-11023,-1.8922233581543
249,244097,254976,-10879,-1.86750411987305
250,245246,256000,-10754,-1.84604644775391
251,246373,257024,-10651,-1.82836532592773
252,247497,258048,-10551,-1.81119918823242
253,248580,259072,-10492,-1.80107116699219
254,249664,260096,-10432,-1.790771484375
255,250747,261120,-10373,-1.78064346313477
256,251798,262144,-10346,-1.77600860595703
257,252879,263168,-10289,-1.7662239074707
258,253905,264192,-10287,-1.7658805847168
259,254939,265216,-10277,-1.76416397094727
260,255990,266240,-10250,-1.75952911376953
261,257048,267264,-10216,-1.75369262695312
262,258108,268288,-10180,-1.74751281738281
263,259164,269312,-10148,-1.74201965332031
264,260210,270336,-10126,-1.73824310302734
265,261268,271360,-10092,-1.73240661621094
266,262272,272384,-10112,-1.73583984375
267,263307,273408,-10101,-1.73395156860352
268,264341,274432,-10091,-1.73223495483398
269,265364,275456,-10092,-1.73240661621094
270,266394,276480,-10086,-1.73137664794922
271,267431,277504,-10073,-1.72914505004883
272,268449,278528,-10079,-1.73017501831055
273,269470,279552,-10082,-1.73069000244141
274,270488,280576,-10088,-1.73171997070312
275,271546,281600,-10054,-1.72588348388672
276,272590,282624,-10034,-1.72245025634766
277,273627,283648,-10021,-1.72021865844727
278,274664,284672,-10008,-1.71798706054688
279,275699,285696,-9997,-1.71609878540039
280,276740,286720,-9980,-1.71318054199219
281,277796,287744,-9948,-1.70768737792969
282,278854,288768,-9914,-1.70185089111328
283,279902,289792,-9890,-1.69773101806641
284,280939,290816,-9877,-1.69549942016602
285,282004,291840,-9836,-1.68846130371094
286,283071,292864,-9793,-1.68107986450195
287,284162,293888,-9726,-1.66957855224609
288,285231,294912,-9681,-1.6618537902832
289,286340,295936,-9596,-1.64726257324219
290,287429,296960,-9531,-1.63610458374023
291,288529,297984,-9455,-1.6230583190918
292,289696,299008,-9312,-1.5985107421875
293,290859,300032,-9173,-1.57464981079102
294,292007,301056,-9049,-1.55336380004883
295,293161,302080,-8919,-1.53104782104492
296,294310,303104,-8794,-1.50959014892578
297,295456,304128,-8672,-1.4886474609375
298,296589,305152,-8563,-1.46993637084961
299,297761,306176,-8415,-1.44453048706055
300,298942,307200,-8258,-1.41757965087891
301,300077,308224,-8147,-1.39852523803711
302,301219,309248,-8029,-1.37826919555664
303,302384,310272,-7888,-1.35406494140625
304,303553,311296,-7743,-1.32917404174805
305,304742,312320,-7578,-1.30084991455078
306,305921,313344,-7423,-1.27424240112305
307,307088,314368,-7280,-1.24969482421875
308,308249,315392,-7143,-1.22617721557617
309,309397,316416,-7019,-1.20489120483398
310,310558,317440,-6882,-1.18137359619141
311,311709,318464,-6755,-1.15957260131836
312,312814,319488,-6674,-1.14566802978516
313,313906,320512,-6606,-1.13399505615234
314,314971,321536,-6565,-1.12695693969727
315,316048,322560,-6512,-1.11785888671875
316,317120,323584,-6464,-1.109619140625
317,318175,324608,-6433,-1.10429763793945
318,319205,325632,-6427,-1.10326766967773
319,320212,326656,-6444,-1.10618591308594
320,321216,327680,-6464,-1.109619140625
321,322241,328704,-6463,-1.10944747924805
322,323278,329728,-6450,-1.10721588134766
323,324318,330752,-6434,-1.10446929931641
324,325338,331776,-6438,-1.10515594482422
325,326349,332800,-6451,-1.10738754272461
326,327354,333824,-6470,-1.11064910888672
327,328370,334848,-6478,-1.11202239990234
328,329358,335872,-6514,-1.11820220947266
329,330364,336896,-6532,-1.12129211425781
330,331387,337920,-6533,-1.12146377563477
331,332415,338944,-6529,-1.12077713012695
332,333433,339968,-6535,-1.12180709838867
333,334470,340992,-6522,-1.11957550048828
334,335519,342016,-6497,-1.11528396606445
335,336577,343040,-6463,-1.10944747924805
336,337646,344064,-6418,-1.10172271728516
337,338765,345088,-6323,-1.08541488647461
338,339874,346112,-6238,-1.07082366943359
339,340976,347136,-6160,-1.05743408203125
340,342066,348160,-6094,-1.04610443115234
341,343159,349184,-6025,-1.03425979614258
342,344245,350208,-5963,-1.02361679077148
343,345333,351232,-5899,-1.01263046264648
344,346412,352256,-5844,-1.00318908691406
345,347491,353280,-5789,-0.993747711181641
346,348551,354304,-5753,-0.987567901611328
347,349607,355328,-5721,-0.982074737548828
348,350646,356352,-5706,-0.979499816894531
349,351685,357376,-5691,-0.976924896240234
350,352755,358400,-5645,-0.969028472900391
351,353822,359424,-5602,-0.961647033691406
352,354889,360448,-5559,-0.954265594482422
353,355975,361472,-5497,-0.943622589111328
354,357068,362496,-5428,-0.931777954101562
355,358173,363520,-5347,-0.917873382568359
356,359286,364544,-5258,-0.902595520019531
357,360414,365568,-5154,-0.884742736816406
358,361528,366592,-5064,-0.869293212890625
359,362614,367616,-5002,-0.858650207519531
360,363723,368640,-4917,-0.844058990478516
361,364832,369664,-4832,-0.8294677734375
362,365960,370688,-4728,-0.811614990234375
363,367078,371712,-4634,-0.795478820800781
364,368178,372736,-4558,-0.782432556152344
365,369271,373760,-4489,-0.770587921142578
366,370338,374784,-4446,-0.763206481933594
367,371445,375808,-4363,-0.748958587646484
368,372531,376832,-4301,-0.738315582275391
369,373580,377856,-4276,-0.734024047851562
370,374603,378880,-4277,-0.734195709228516
371,375595,379904,-4309,-0.739688873291016
372,376581,380928,-4347,-0.746212005615234
373,377548,381952,-4404,-0.755996704101562
374,378508,382976,-4468,-0.766983032226562
375,379468,384000,-4532,-0.777969360351562
376,380377,385024,-4647,-0.797710418701172
377,381295,386048,-4753,-0.815906524658203
378,382239,387072,-4833,-0.829639434814453
379,383166,388096,-4930,-0.846290588378906
380,384079,389120,-5041,-0.865345001220703
381,384988,390144,-5156,-0.885086059570312
382,385916,391168,-5252,-0.901565551757812
383,386815,392192,-5377,-0.923023223876953
384,387721,393216,-5495,-0.943279266357422
385,388623,394240,-5617,-0.964221954345703
386,389513,395264,-5751,-0.987224578857422
387,390403,396288,-5885,-1.01022720336914
388,391329,397312,-5983,-1.02705001831055
389,392244,398336,-6092,-1.04576110839844
390,393148,399360,-6212,-1.06636047363281
391,394041,400384,-6343,-1.08884811401367
392,394947,401408,-6461,-1.10910415649414
393,395830,402432,-6602,-1.13330841064453
394,396735,403456,-6721,-1.15373611450195
395,397657,404480,-6823,-1.17124557495117
396,398575,405504,-6929,-1.1894416809082
397,399489,406528,-7039,-1.20832443237305
398,400419,407552,-7133,-1.22446060180664
399,401362,408576,-7214,-1.23836517333984
400,402329,409600,-7271,-1.24814987182617
401,403315,410624,-7309,-1.25467300415039
402,404326,411648,-7322,-1.25690460205078
403,405379,412672,-7293,-1.25192642211914
404,406423,413696,-7273,-1.24849319458008
405,407465,414720,-7255,-1.24540328979492
406,408516,415744,-7228,-1.24076843261719
407,409585,416768,-7183,-1.2330436706543
408,410657,417792,-7135,-1.22480392456055
409,411743,418816,-7073,-1.21416091918945
410,412820,419840,-7020,-1.20506286621094
411,413896,420864,-6968,-1.19613647460938
412,414942,421888,-6946,-1.19235992431641
413,415993,422912,-6919,-1.18772506713867
414,417072,423936,-6864,-1.17828369140625
415,418137,424960,-6823,-1.17124557495117
416,419183,425984,-6801,-1.1674690246582
417,420232,427008,-6776,-1.16317749023438
418,421262,428032,-6770,-1.16214752197266
419,422303,429056,-6753,-1.15922927856445
420,423375,430080,-6705,-1.1509895324707
421,424438,431104,-6666,-1.14429473876953
422,425510,432128,-6618,-1.13605499267578
423,426547,433152,-6605,-1.13382339477539
424,427579,434176,-6597,-1.13245010375977
425,428609,435200,-6591,-1.13142013549805
426,429609,436224,-6615,-1.13554000854492
427,430618,437248,-6630,-1.13811492919922
428,431631,438272,-6641,-1.1400032043457
429,432619,439296,-6677,-1.14618301391602
430,433605,440320,-6715,-1.15270614624023
431,434595,441344,-6749,-1.15854263305664
432,435578,442368,-6790,-1.16558074951172
433,436564,443392,-6828,-1.17210388183594
434,437545,444416,-6871,-1.17948532104492
435,438559,445440,-6881,-1.18120193481445
436,439547,446464,-6917,-1.18738174438477
437,440514,447488,-6974,-1.19716644287109
438,441476,448512,-7036,-1.20780944824219
439,442427,449536,-7109,-1.22034072875977
440,443359,450560,-7201,-1.23613357543945
441,444284,451584,-7300,-1.25312805175781
442,445211,452608,-7397,-1.26977920532227
443,446134,453632,-7498,-1.28711700439453
444,447034,454656,-7622,-1.30840301513672
445,447924,455680,-7756,-1.33140563964844
446,448814,456704,-7890,-1.35440826416016
447,449692,457728,-8036,-1.37947082519531
448,450575,458752,-8177,-1.4036750793457
449,451449,459776,-8327,-1.42942428588867
450,452332,460800,-8468,-1.45362854003906
451,453216,461824,-8608,-1.4776611328125
452,454117,462848,-8731,-1.49877548217773
453,455024,463872,-8848,-1.51885986328125
454,455965,464896,-8931,-1.53310775756836
455,456925,465920,-8995,-1.54409408569336
456,457894,466944,-9050,-1.55353546142578
457,458887,467968,-9081,-1.55885696411133
458,459910,468992,-9082,-1.55902862548828
459,460942,470016,-9074,-1.55765533447266
460,461965,471040,-9075,-1.55782699584961
461,462977,472064,-9087,-1.55988693237305
462,464016,473088,-9072,-1.55731201171875
463,465060,474112,-9052,-1.55387878417969
464,466127,475136,-9009,-1.5464973449707
465,467215,476160,-8945,-1.5355110168457
466,468292,477184,-8892,-1.52641296386719
467,469364,478208,-8844,-1.51817321777344
468,470435,479232,-8797,-1.51010513305664
469,471556,480256,-8700,-1.49345397949219
470,472691,481280,-8589,-1.47439956665039
471,473793,482304,-8511,-1.46100997924805
472,474891,483328,-8437,-1.44830703735352
473,475988,484352,-8364,-1.43577575683594
474,477067,485376,-8309,-1.42633438110352
475,478153,486400,-8247,-1.41569137573242
476,479227,487424,-8197,-1.40710830688477
477,480294,488448,-8154,-1.39972686767578
478,481317,489472,-8155,-1.39989852905273
479,482336,490496,-8160,-1.4007568359375
480,483373,491520,-8147,-1.39852523803711
481,484400,492544,-8144,-1.39801025390625
482,485418,493568,-8150,-1.39904022216797
483,486423,494592,-8169,-1.40230178833008
484,487415,495616,-8201,-1.40779495239258
485,488389,496640,-8251,-1.41637802124023
486,489368,497664,-8296,-1.42410278320312
487,490372,498688,-8316,-1.42753601074219
488,491377,499712,-8335,-1.4307975769043
489,492358,500736,-8378,-1.43817901611328
490,493329,501760,-8431,-1.4472770690918
491,494257,502784,-8527,-1.4637565612793
492,495196,503808,-8612,-1.47834777832031
493,496107,504832,-8725,-1.49774551391602
494,497041,505856,-8815,-1.5131950378418
495,497976,506880,-8904,-1.52847290039062
496,498908,507904,-8996,-1.54426574707031
497,499831,508928,-9097,-1.56160354614258
498,500777,509952,-9175,-1.57499313354492
499,501725,510976,-9251,-1.58803939819336
500,502690,512000,-9310,-1.59816741943359
501,503666,513024,-9358,-1.60640716552734
502,504666,514048,-9382,-1.61052703857422
503,505693,515072,-9379,-1.61001205444336
504,506709,516096,-9387,-1.61138534545898
505,507702,517120,-9418,-1.61670684814453
506,508683,518144,-9461,-1.62408828735352
507,509699,519168,-9469,-1.62546157836914
508,510715,520192,-9477,-1.62683486938477
509,511740,521216,-9476,-1.62666320800781
510,512754,522240,-9486,-1.62837982177734
511,513777,523264,-9487,-1.6285514831543
512,514753,524288,-9535,-1.63679122924805
513,515739,525312,-9573,-1.64331436157227
514,516757,526336,-9579,-1.64434432983398
515,517778,527360,-9582,-1.64485931396484
516,518779,528384,-9605,-1.64880752563477
517,519770,529408,-9638,-1.65447235107422
518,520758,530432,-9674,-1.66065216064453
519,521762,531456,-9694,-1.66408538818359
520,522778,532480,-9702,-1.66545867919922
521,523824,533504,-9680,-1.66168212890625
522,524868,534528,-9660,-1.65824890136719
523,525900,535552,-9652,-1.65687561035156
524,526956,536576,-9620,-1.65138244628906
525,527993,537600,-9607,-1.64915084838867
526,529032,538624,-9592,-1.64657592773438
527,530071,539648,-9577,-1.64400100708008
528,531125,540672,-9547,-1.63885116577148
529,532197,541696,-9499,-1.63061141967773
530,533257,542720,-9463,-1.62443161010742
531,534340,543744,-9404,-1.61430358886719
532,535415,544768,-9353,-1.60554885864258
533,536477,545792,-9315,-1.59902572631836
534,537556,546816,-9260,-1.58958435058594
535,538667,547840,-9173,-1.57464981079102
536,539770,548864,-9094,-1.56108856201172
537,540846,549888,-9042,-1.55216217041016
538,541895,550912,-9017,-1.54787063598633
539,542946,551936,-8990,-1.54323577880859
540,543962,552960,-8998,-1.54460906982422
541,544982,553984,-9002,-1.54529571533203
542,546003,555008,-9005,-1.54581069946289
543,546986,556032,-9046,-1.55284881591797
544,547935,557056,-9121,-1.56572341918945
545,548881,558080,-9199,-1.5791130065918
546,549817,559104,-9287,-1.59421920776367
547,550754,560128,-9374,-1.60915374755859
548,551667,561152,-9485,-1.62820816040039
549,552604,562176,-9572,-1.64314270019531
550,553520,563200,-9680,-1.66168212890625
551,554436,564224,-9788,-1.68022155761719
552,555361,565248,-9887,-1.69721603393555
553,556312,566272,-9960,-1.70974731445312
554,557281,567296,-10015,-1.71918869018555
555,558229,568320,-10091,-1.73223495483398
556,559187,569344,-10157,-1.74356460571289
557,560173,570368,-10195,-1.75008773803711
558,561128,571392,-10264,-1.76193237304688
559,562097,572416,-10319,-1.7713737487793
560,563029,573440,-10411,-1.78716659545898
561,563971,574464,-10493,-1.80124282836914
562,564905,575488,-10583,-1.81669235229492
563,565844,576512,-10668,-1.83128356933594
564,566835,577536,-10701,-1.83694839477539
565,567799,578560,-10761,-1.84724807739258
566,568757,579584,-10827,-1.85857772827148
567,569738,580608,-10870,-1.86595916748047
568,570710,581632,-10922,-1.87488555908203
569,571730,582656,-10926,-1.87557220458984
570,572767,583680,-10913,-1.87334060668945
571,573783,584704,-10921,-1.87471389770508
572,574790,585728,-10938,-1.87763214111328
573,575766,586752,-10986,-1.88587188720703
574,576768,587776,-11008,-1.8896484375
575,577768,588800,-11032,-1.89376831054688
576,578791,589824,-11033,-1.89393997192383
577,579795,590848,-11053,-1.89737319946289
578,580795,591872,-11077,-1.90149307250977
579,581787,592896,-11109,-1.90698623657227
580,582785,593920,-11135,-1.91144943237305
581,583787,594944,-11157,-1.91522598266602
582,584826,595968,-11142,-1.91265106201172
583,585853,596992,-11139,-1.91213607788086
584,586883,598016,-11133,-1.91110610961914
585,587899,599040,-11141,-1.91247940063477
586,588932,600064,-11132,-1.91093444824219
587,589987,601088,-11101,-1.90561294555664
588,591061,602112,-11051,-1.89702987670898
589,592136,603136,-11000,-1.88827514648438
590,593205,604160,-10955,-1.88055038452148
591,594240,605184,-10944,-1.878662109375
592,595274,606208,-10934,-1.87694549560547
593,596309,607232,-10923,-1.87505722045898
594,597343,608256,-10913,-1.87334060668945
595,598397,609280,-10883,-1.86819076538086
596,599431,610304,-10873,-1.86647415161133
597,600445,611328,-10883,-1.86819076538086
598,601466,612352,-10886,-1.86870574951172
599,602488,613376,-10888,-1.86904907226562
600,603542,614400,-10858,-1.86389923095703
601,604574,615424,-10850,-1.86252593994141
602,605639,616448,-10809,-1.85548782348633
603,606678,617472,-10794,-1.85291290283203
604,607689,618496,-10807,-1.85514450073242
605,608673,619520,-10847,-1.86201095581055
606,609689,620544,-10855,-1.86338424682617
607,610712,621568,-10856,-1.86355590820312
608,611721,622592,-10871,-1.86613082885742
609,612702,623616,-10914,-1.87351226806641
610,613680,624640,-10960,-1.88140869140625
611,614605,625664,-11059,-1.89840316772461
612,615540,626688,-11148,-1.91368103027344
613,616467,627712,-11245,-1.93033218383789
614,617432,628736,-11304,-1.94046020507812
615,618334,629760,-11426,-1.96140289306641
616,619240,630784,-11544,-1.98165893554688
617,620130,631808,-11678,-2.00466156005859
618,621009,632832,-11823,-2.0295524597168
619,621908,633856,-11948,-2.05101013183594
620,622824,634880,-12056,-2.06954956054688
621,623733,635904,-12171,-2.08929061889648
622,624679,636928,-12249,-2.10268020629883
623,625590,637952,-12362,-2.12207794189453
624,626536,638976,-12440,-2.13546752929688
625,627470,640000,-12530,-2.15091705322266
626,628430,641024,-12594,-2.16190338134766
627,629388,642048,-12660,-2.17323303222656
628,630346,643072,-12726,-2.18456268310547
629,631329,644096,-12767,-2.19160079956055
630,632338,645120,-12782,-2.19417572021484
631,633349,646144,-12795,-2.19640731811523
632,634388,647168,-12780,-2.19383239746094
633,635430,648192,-12762,-2.19074249267578
634,636500,649216,-12716,-2.18284606933594
635,637565,650240,-12675,-2.17580795288086
636,638676,651264,-12588,-2.16087341308594
637,639787,652288,-12501,-2.14593887329102
638,640880,653312,-12432,-2.13409423828125
639,641978,654336,-12358,-2.12139129638672
640,643073,655360,-12287,-2.10920333862305
641,644152,656384,-12232,-2.09976196289062
642,645238,657408,-12170,-2.08911895751953
643,646305,658432,-12127,-2.08173751831055
644,647370,659456,-12086,-2.07469940185547
645,648409,660480,-12071,-2.07212448120117
646,649437,661504,-12067,-2.07143783569336
647,650471,662528,-12057,-2.06972122192383
648,651497,663552,-12055,-2.06937789916992
649,652510,664576,-12066,-2.07126617431641
650,653535,665600,-12065,-2.07109451293945
651,654537,666624,-12087,-2.07487106323242
652,655551,667648,-12097,-2.07658767700195
653,656567,668672,-12105,-2.07796096801758
654,657595,669696,-12101,-2.07727432250977
655,658648,670720,-12072,-2.07229614257812
656,659717,671744,-12027,-2.06457138061523
657,660759,672768,-12009,-2.06148147583008
658,661801,673792,-11991,-2.05839157104492
659,662812,674816,-12004,-2.06062316894531
660,663828,675840,-12012,-2.06199645996094
661,664851,676864,-12013,-2.06216812133789
662,665883,677888,-12005,-2.06079483032227
663,666929,678912,-11983,-2.0570182800293
664,667948,679936,-11988,-2.05787658691406
665,668947,680960,-12013,-2.06216812133789
666,669954,681984,-12030,-2.06508636474609
667,670960,683008,-12048,-2.06817626953125
668,672014,684032,-12018,-2.06302642822266
669,673062,685056,-11994,-2.05890655517578
670,674074,686080,-12006,-2.06096649169922
671,675083,687104,-12021,-2.06354141235352
672,676064,688128,-12064,-2.0709228515625
673,677068,689152,-12084,-2.07435607910156
674,678070,690176,-12106,-2.07813262939453
675,679093,691200,-12107,-2.07830429077148
676,680104,692224,-12120,-2.08053588867188
677,681087,693248,-12161,-2.08757400512695
678,682094,694272,-12178,-2.09049224853516
679,683094,695296,-12202,-2.09461212158203
680,684110,696320,-12210,-2.09598541259766
681,685133,697344,-12211,-2.09615707397461
682,686149,698368,-12219,-2.09753036499023
683,687160,699392,-12232,-2.09976196289062
684,688178,700416,-12238,-2.10079193115234
685,689199,701440,-12241,-2.1013069152832
686,690231,702464,-12233,-2.09993362426758
687,691275,703488,-12213,-2.09650039672852
688,692344,704512,-12168,-2.08877563476562
689,693405,705536,-12131,-2.08242416381836
690,694460,706560,-12100,-2.07710266113281
691,695511,707584,-12073,-2.07246780395508
692,696571,708608,-12037,-2.06628799438477
693,697641,709632,-11991,-2.05839157104492
694,698741,710656,-11915,-2.04534530639648
695,699855,711680,-11825,-2.0298957824707
696,700943,712704,-11761,-2.0189094543457
697,702059,713728,-11669,-2.00311660766602
698,703191,714752,-11561,-1.98457717895508
699,704345,715776,-11431,-1.96226119995117
700,705519,716800,-11281,-1.9365119934082
701,706691,717824,-11133,-1.91110610961914
702,707859,718848,-10989,-1.88638687133789
703,709038,719872,-10834,-1.85977935791016
704,710203,720896,-10693,-1.83557510375977
705,711403,721920,-10517,-1.80536270141602
706,712577,722944,-10367,-1.77961349487305
707,713714,723968,-10254,-1.76021575927734
708,714847,724992,-10145,-1.74150466918945
709,715965,726016,-10051,-1.72536849975586
710,717105,727040,-9935,-1.7054557800293
711,718235,728064,-9829,-1.68725967407227
712,719332,729088,-9756,-1.67472839355469
713,720442,730112,-9670,-1.65996551513672
714,721518,731136,-9618,-1.65103912353516
715,722604,732160,-9556,-1.64039611816406
716,723720,733184,-9464,-1.62460327148438
717,724825,734208,-9383,-1.61069869995117
718,725950,735232,-9282,-1.59336090087891
719,727048,736256,-9208,-1.58065795898438
720,728143,737280,-9137,-1.5684700012207
721,729229,738304,-9075,-1.55782699584961
722,730308,739328,-9020,-1.54838562011719
723,731405,740352,-8947,-1.53585433959961
724,732500,741376,-8876,-1.52366638183594
725,733598,742400,-8802,-1.51096343994141
726,734693,743424,-8731,-1.49877548217773
727,735774,744448,-8674,-1.48899078369141
728,736862,745472,-8610,-1.47800445556641
729,737946,746496,-8550,-1.46770477294922
730,739064,747520,-8456,-1.45156860351562
731,740166,748544,-8378,-1.43817901611328
732,741248,749568,-8320,-1.42822265625
733,742310,750592,-8282,-1.42169952392578
734,743343,751616,-8273,-1.4201545715332
735,744386,752640,-8254,-1.41689300537109
736,745423,753664,-8241,-1.4146614074707
737,746446,754688,-8242,-1.41483306884766
738,747469,755712,-8243,-1.41500473022461
739,748474,756736,-8262,-1.41826629638672
740,749483,757760,-8277,-1.42084121704102
741,750498,758784,-8286,-1.42238616943359
742,751545,759808,-8263,-1.41843795776367
743,752607,760832,-8225,-1.41191482543945
744,753677,761856,-8179,-1.40401840209961
745,754770,762880,-8110,-1.39217376708984
746,755890,763904,-8014,-1.37569427490234
747,757035,764928,-7893,-1.35492324829102
748,758197,765952,-7755,-1.33123397827148
749,759409,766976,-7567,-1.2989616394043
750,760628,768000,-7372,-1.26548767089844
751,761844,769024,-7180,-1.23252868652344
752,763063,770048,-6985,-1.19905471801758
753,764305,771072,-6767,-1.1616325378418
754,765582,772096,-6514,-1.11820220947266
755,766845,773120,-6275,-1.07717514038086
756,768129,774144,-6015,-1.03254318237305
757,769398,775168,-5770,-0.990486145019531
758,770659,776192,-5533,-0.949802398681641
759,771934,777216,-5282,-0.906715393066406
760,773187,778240,-5053,-0.867404937744141
761,774469,779264,-4795,-0.823116302490234
762,775730,780288,-4558,-0.782432556152344
763,776946,781312,-4366,-0.749473571777344
764,778174,782336,-4162,-0.714454650878906
765,779362,783360,-3998,-0.686302185058594
766,780541,784384,-3843,-0.659694671630859
767,781697,785408,-3711,-0.637035369873047
768,782811,786432,-3621,-0.621585845947266
769,783946,787456,-3510,-0.602531433105469
770,785050,788480,-3430,-0.588798522949219
771,786131,789504,-3373,-0.579013824462891
772,787203,790528,-3325,-0.570774078369141
773,788264,791552,-3288,-0.564422607421875
774,789312,792576,-3264,-0.560302734375
775,790347,793600,-3253,-0.558414459228516
776,791393,794624,-3231,-0.554637908935547
777,792448,795648,-3200,-0.54931640625
778,793483,796672,-3189,-0.547428131103516
779,794508,797696,-3188,-0.547256469726562
780,795520,798720,-3200,-0.54931640625
781,796522,799744,-3222,-0.553092956542969
782,797531,800768,-3237,-0.555667877197266
783,798565,801792,-3227,-0.553951263427734
784,799625,802816,-3191,-0.547771453857422
785,800662,803840,-3178,-0.545539855957031
786,801727,804864,-3137,-0.538501739501953
787,802801,805888,-3087,-0.529918670654297
788,803878,806912,-3034,-0.520820617675781
789,805024,807936,-2912,-0.4998779296875
790,806169,808960,-2791,-0.479106903076172
791,807315,809984,-2669,-0.458164215087891
792,808464,811008,-2544,-0.43670654296875
793,809640,812032,-2392,-0.410614013671875
794,810829,813056,-2227,-0.382289886474609
795,812013,814080,-2067,-0.354824066162109
796,813199,815104,-1905,-0.327014923095703
797,814392,816128,-1736,-0.298004150390625
798,815552,817152,-1600,-0.274658203125
799,816759,818176,-1417,-0.243244171142578
800,817959,819200,-1241,-0.213031768798828
801,819150,820224,-1074,-0.184364318847656
802,820322,821248,-926,-0.158958435058594
803,821499,822272,-773,-0.132694244384766
804,822673,823296,-623,-0.106945037841797
805,823871,824320,-449,-0.0770759582519531
806,825076,825344,-268,-0.0460052490234375
807,826287,826368,-81,-0.0139045715332031
808,827455,827392,63,0.0108146667480469
809,828629,828416,213,0.0365638732910156
810,829787,829440,347,0.0595664978027344
811,830955,830464,491,0.0842857360839844
812,832110,831488,622,0.106773376464844
813,833273,832512,761,0.130634307861328
814,834422,833536,886,0.152091979980469
815,835566,834560,1006,0.172691345214844
816,836691,835584,1107,0.190029144287109
817,837824,836608,1216,0.208740234375
818,838954,837632,1322,0.226936340332031
819,840070,838656,1414,0.242729187011719
820,841163,839680,1483,0.254573822021484
821,842242,840704,1538,0.264015197753906
822,843290,841728,1562,0.268135070800781
823,844320,842752,1568,0.2691650390625
824,845350,843776,1574,0.270195007324219
825,846355,844800,1555,0.266933441162109
826,847359,845824,1535,0.263500213623047
827,848340,846848,1492,0.256118774414062
828,849326,847872,1454,0.249595642089844
829,850307,848896,1411,0.242214202880859
830,851285,849920,1365,0.234317779541016
831,852271,850944,1327,0.227794647216797
832,853252,851968,1284,0.220413208007812
833,854221,852992,1229,0.210971832275391
834,855212,854016,1196,0.205307006835938
835,856204,855040,1164,0.199813842773438
836,857216,856064,1152,0.19775390625
837,858225,857088,1137,0.195178985595703
838,859261,858112,1149,0.197238922119141
839,860317,859136,1181,0.202732086181641
840,861380,860160,1220,0.209426879882812
841,862437,861184,1253,0.215091705322266
842,863486,862208,1278,0.219383239746094
843,864544,863232,1312,0.2252197265625
844,865606,864256,1350,0.231742858886719
845,866699,865280,1419,0.243587493896484
846,867799,866304,1495,0.256633758544922
847,868883,867328,1555,0.266933441162109
848,869957,868352,1605,0.275516510009766
849,871045,869376,1669,0.286502838134766
850,872175,870400,1775,0.304698944091797
851,873305,871424,1881,0.322895050048828
852,874435,872448,1987,0.341091156005859
853,875561,873472,2089,0.358600616455078
854,876668,874496,2172,0.372848510742188
855,877793,875520,2273,0.390186309814453
856,878914,876544,2370,0.406837463378906
857,880047,877568,2479,0.425548553466797
858,881167,878592,2575,0.442028045654297
859,882251,879616,2635,0.452327728271484
860,883360,880640,2720,0.4669189453125
861,884465,881664,2801,0.480823516845703
862,885567,882688,2879,0.494213104248047
863,886650,883712,2938,0.504341125488281
864,887743,884736,3007,0.516185760498047
865,888815,885760,3055,0.524425506591797
866,889871,886784,3087,0.529918670654297
867,890947,887808,3139,0.538845062255859
868,892026,888832,3194,0.548286437988281
869,893098,889856,3242,0.556526184082031
870,894139,890880,3259,0.559444427490234
871,895176,891904,3272,0.561676025390625
872,896183,892928,3255,0.558757781982422
873,897178,893952,3226,0.553779602050781
874,898203,894976,3227,0.553951263427734
875,899231,896000,3231,0.554637908935547
876,900230,897024,3206,0.550346374511719
877,901232,898048,3184,0.54656982421875
878,902225,899072,3153,0.541248321533203
879,903227,900096,3131,0.537471771240234
880,904234,901120,3114,0.534553527832031
881,905285,902144,3141,0.539188385009766
882,906333,903168,3165,0.543308258056641
883,907344,904192,3152,0.54107666015625
884,908328,905216,3112,0.534210205078125
885,909304,906240,3064,0.525970458984375
886,910290,907264,3026,0.519447326660156
887,911275,908288,2987,0.512752532958984
888,912275,909312,2963,0.508632659912109
889,913275,910336,2939,0.504512786865234
890,914232,911360,2872,0.493011474609375
891,915158,912384,2774,0.476188659667969
892,916092,913408,2684,0.460739135742188
893,917047,914432,2615,0.448894500732422
894,917996,915456,2540,0.436019897460938
895,918904,916480,2424,0.416107177734375
896,919825,917504,2321,0.398426055908203
897,920706,918528,2178,0.373878479003906
898,921598,919552,2046,0.351219177246094
899,922486,920576,1910,0.327873229980469
900,923406,921600,1806,0.310020446777344
901,924327,922624,1703,0.292339324951172
902,925249,923648,1601,0.274829864501953
903,926193,924672,1521,0.261096954345703
904,927179,925696,1483,0.254573822021484
905,928130,926720,1410,0.242042541503906
906,929118,927744,1374,0.235862731933594
907,930071,928768,1303,0.223674774169922
908,931066,929792,1274,0.218696594238281
909,932058,930816,1242,0.213203430175781
910,933060,931840,1220,0.209426879882812
911,934088,932864,1224,0.210113525390625
912,935120,933888,1232,0.21148681640625
913,936138,934912,1226,0.210456848144531
914,937196,935936,1260,0.216293334960938
915,938261,936960,1301,0.223331451416016
916,939347,937984,1363,0.233974456787109
917,940417,939008,1409,0.241870880126953
918,941502,940032,1470,0.252342224121094
919,942577,941056,1521,0.261096954345703
920,943632,942080,1552,0.26641845703125
921,944685,943104,1581,0.271396636962891
922,945736,944128,1608,0.276031494140625
923,946773,945152,1621,0.278263092041016
924,947801,946176,1625,0.278949737548828
925,948819,947200,1619,0.277919769287109
926,949842,948224,1618,0.277748107910156
927,950837,949248,1589,0.272769927978516
928,951834,950272,1562,0.268135070800781
929,952825,951296,1529,0.262470245361328
930,953817,952320,1497,0.256977081298828
931,954782,953344,1438,0.246849060058594
932,955754,954368,1386,0.237922668457031
933,956723,955392,1331,0.228481292724609
934,957709,956416,1293,0.221958160400391
935,958666,957440,1226,0.210456848144531
936,959654,958464,1190,0.204277038574219
937,960654,959488,1166,0.200157165527344
938,961649,960512,1137,0.195178985595703
939,962609,961536,1073,0.184192657470703
940,963585,962560,1025,0.175952911376953
941,964534,963584,950,0.163078308105469
942,965501,964608,893,0.153293609619141
943,966463,965632,831,0.142650604248047
944,967460,966656,804,0.138015747070312
945,968432,967680,752,0.12908935546875
946,969395,968704,691,0.118618011474609
947,970364,969728,636,0.109176635742188
948,971345,970752,593,0.101795196533203
949,972361,971776,585,0.100421905517578
950,973388,972800,588,0.100936889648438
951,974376,973824,552,0.094757080078125
952,975364,974848,516,0.0885772705078125
953,976341,975872,469,0.0805091857910156
954,977333,976896,437,0.0750160217285156
955,978338,977920,418,0.0717544555664062
956,979342,978944,398,0.0683212280273438
957,980363,979968,395,0.0678062438964844
958,981362,980992,370,0.0635147094726562
959,982371,982016,355,0.0609397888183594
960,983397,983040,357,0.0612831115722656
961,984436,984064,372,0.0638580322265625
962,985496,985088,408,0.070037841796875
963,986533,986112,421,0.0722694396972656
964,987575,987136,439,0.0753593444824219
965,988611,988160,451,0.0774192810058594
966,989662,989184,478,0.0820541381835938
967,990739,990208,531,0.0911521911621094
968,991808,991232,576,0.098876953125
969,992906,992256,650,0.111579895019531
970,993975,993280,695,0.119304656982422
971,995038,994304,734,0.125999450683594
972,996098,995328,770,0.132179260253906
973,997172,996352,820,0.140762329101562
974,998268,997376,892,0.153121948242188
975,999361,998400,961,0.164966583251953
976,1000423,999424,999,0.171489715576172
977,1001504,1000448,1056,0.1812744140625
978,1002560,1001472,1088,0.186767578125
979,1003664,1002496,1168,0.20050048828125
980,1004762,1003520,1242,0.213203430175781
981,1005887,1004544,1343,0.230541229248047
982,1006982,1005568,1414,0.242729187011719
983,1008054,1006592,1462,0.250968933105469
984,1009098,1007616,1482,0.254402160644531
985,1010186,1008640,1546,0.265388488769531
986,1011258,1009664,1594,0.273628234863281
987,1012347,1010688,1659,0.284786224365234
988,1013395,1011712,1683,0.288906097412109
989,1014425,1012736,1689,0.289936065673828
990,1015427,1013760,1667,0.286159515380859
991,1016445,1014784,1661,0.285129547119141
992,1017482,1015808,1674,0.287361145019531
993,1018524,1016832,1692,0.290451049804688
994,1019521,1017856,1665,0.285816192626953
995,1020523,1018880,1643,0.282039642333984
996,1021509,1019904,1605,0.275516510009766
997,1022497,1020928,1569,0.269336700439453
998,1023506,1021952,1554,0.266761779785156
999,1024524,1022976,1548,0.265731811523438
1000,1025533,1024000,1533,0.263156890869141
1001,1026547,1025024,1523,0.261440277099609
1002,1027549,1026048,1501,0.257663726806641
1003,1028546,1027072,1474,0.253028869628906
1004,1029536,1028096,1440,0.2471923828125
1005,1030527,1029120,1407,0.241527557373047
1006,1031540,1030144,1396,0.239639282226562
1007,1032554,1031168,1386,0.237922668457031
1008,1033581,1032192,1389,0.238437652587891
1009,1034635,1033216,1419,0.243587493896484
1010,1035674,1034240,1434,0.246162414550781
1011,1036736,1035264,1472,0.252685546875
1012,1037818,1036288,1530,0.262641906738281
1013,1038920,1037312,1608,0.276031494140625
1014,1040024,1038336,1688,0.289764404296875
1015,1041103,1039360,1743,0.299205780029297
1016,1042177,1040384,1793,0.307788848876953
1017,1043249,1041408,1841,0.316028594970703
1018,1044305,1042432,1873,0.321521759033203
1019,1045358,1043456,1902,0.326499938964844
1020,1046416,1044480,1936,0.33233642578125
1021,1047467,1045504,1963,0.336971282958984
1022,1048494,1046528,1966,0.337486267089844
1023,1049548,1047552,1996,0.342636108398438
1024,1050594,1048576,2018,0.346412658691406
1025,1051654,1049600,2054,0.352592468261719
1026,1052703,1050624,2079,0.356884002685547
1027,1053772,1051648,2124,0.364608764648438
1028,1054816,1052672,2144,0.3680419921875
1029,1055902,1053696,2206,0.378684997558594
1030,1056997,1054720,2277,0.390872955322266
1031,1058083,1055744,2339,0.401515960693359
1032,1059192,1056768,2424,0.416107177734375
1033,1060311,1057792,2519,0.432415008544922
1034,1061425,1058816,2609,0.447864532470703
1035,1062545,1059840,2705,0.464344024658203
1036,1063631,1060864,2767,0.474987030029297
1037,1064754,1061888,2866,0.491981506347656
1038,1065850,1062912,2938,0.504341125488281
1039,1066968,1063936,3032,0.520477294921875
1040,1068098,1064960,3138,0.538673400878906
1041,1069179,1065984,3195,0.548458099365234
1042,1070275,1067008,3267,0.560817718505859
1043,1071391,1068032,3359,0.576610565185547
1044,1072514,1069056,3458,0.593605041503906
1045,1073639,1070080,3559,0.610942840576172
1046,1074741,1071104,3637,0.624332427978516
1047,1075797,1072128,3669,0.629825592041016
1048,1076839,1073152,3687,0.632915496826172
1049,1077901,1074176,3725,0.639438629150391
1050,1078954,1075200,3754,0.644416809082031
1051,1080010,1076224,3786,0.649909973144531
1052,1081014,1077248,3766,0.646476745605469
1053,1082005,1078272,3733,0.640811920166016
1054,1082981,1079296,3685,0.632572174072266
1055,1083969,1080320,3649,0.626392364501953
1056,1084994,1081344,3650,0.626564025878906
1057,1085999,1082368,3631,0.623302459716797
1058,1086961,1083392,3569,0.612659454345703
1059,1087940,1084416,3524,0.604934692382812
1060,1088881,1085440,3441,0.590686798095703
1061,1089841,1086464,3377,0.579700469970703
1062,1090796,1087488,3308,0.567855834960938
1063,1091775,1088512,3263,0.560131072998047
1064,1092737,1089536,3201,0.549488067626953
1065,1093695,1090560,3135,0.538158416748047
1066,1094634,1091584,3050,0.523567199707031
1067,1095589,1092608,2981,0.511722564697266
1068,1096522,1093632,2890,0.496101379394531
1069,1097482,1094656,2826,0.485115051269531
1070,1098463,1095680,2783,0.477733612060547
1071,1099460,1096704,2756,0.473098754882812
1072,1100450,1097728,2722,0.467262268066406
1073,1101462,1098752,2710,0.465202331542969
1074,1102452,1099776,2676,0.459365844726562
1075,1103486,1100800,2686,0.461082458496094
1076,1104540,1101824,2716,0.466232299804688
1077,1105626,1102848,2778,0.476875305175781
1078,1106714,1103872,2842,0.487861633300781
1079,1107776,1104896,2880,0.494384765625
1080,1108816,1105920,2896,0.49713134765625
1081,1109885,1106944,2941,0.504856109619141
1082,1110969,1107968,3001,0.515155792236328
1083,1112073,1108992,3081,0.528888702392578
1084,1113173,1110016,3157,0.541934967041016
1085,1114245,1111040,3205,0.550174713134766
1086,1115293,1112064,3229,0.554294586181641
1087,1116349,1113088,3261,0.559787750244141
1088,1117435,1114112,3323,0.570430755615234
1089,1118528,1115136,3392,0.582275390625
1090,1119595,1116160,3435,0.589656829833984
1091,1120629,1117184,3445,0.591373443603516
1092,1121662,1118208,3454,0.592918395996094
1093,1122692,1119232,3460,0.593948364257812
1094,1123738,1120256,3482,0.597724914550781
1095,1124793,1121280,3513,0.603046417236328
1096,1125833,1122304,3529,0.605792999267578
1097,1126870,1123328,3542,0.608024597167969
1098,1127902,1124352,3550,0.609397888183594
1099,1128916,1125376,3540,0.607681274414062
1100,1129936,1126400,3536,0.60699462890625
1101,1130938,1127424,3514,0.603218078613281
1102,1131935,1128448,3487,0.598583221435547
1103,1132923,1129472,3451,0.592403411865234
1104,1133911,1130496,3415,0.586223602294922
1105,1134918,1131520,3398,0.583305358886719
1106,1135880,1132544,3336,0.572662353515625
1107,1136840,1133568,3272,0.561676025390625
1108,1137817,1134592,3225,0.553607940673828
1109,1138793,1135616,3177,0.545368194580078
1110,1139769,1136640,3129,0.537128448486328
1111,1140706,1137664,3042,0.522193908691406
1112,1141638,1138688,2950,0.506401062011719
1113,1142559,1139712,2847,0.488719940185547
1114,1143421,1140736,2685,0.460910797119141
1115,1144304,1141760,2544,0.43670654296875
1116,1145189,1142784,2405,0.412845611572266
1117,1146047,1143808,2239,0.384349822998047
1118,1146911,1144832,2079,0.356884002685547
1119,1147762,1145856,1906,0.327186584472656
1120,1148612,1146880,1732,0.297317504882812
1121,1149465,1147904,1561,0.267963409423828
1122,1150323,1148928,1395,0.239467620849609
1123,1151204,1149952,1252,0.214920043945312
1124,1152059,1150976,1083,0.185909271240234
1125,1152930,1152000,930,0.159645080566406
1126,1153804,1153024,780,0.133895874023438
1127,1154687,1154048,639,0.109691619873047
1128,1155549,1155072,477,0.0818824768066406
1129,1156486,1156096,390,0.0669479370117188
1130,1157418,1157120,298,0.0511550903320312
1131,1158341,1158144,197,0.0338172912597656
1132,1159271,1159168,103,0.0176811218261719
1133,1160263,1160192,71,0.0121879577636719
1134,1161228,1161216,12,0.0020599365234375
1135,1162214,1162240,-26,-0.00446319580078125
1136,1163188,1163264,-76,-0.0130462646484375
1137,1164201,1164288,-87,-0.0149345397949219
1138,1165159,1165312,-153,-0.0262641906738281
1139,1166149,1166336,-187,-0.0321006774902344
1140,1167179,1167360,-181,-0.0310707092285156
1141,1168223,1168384,-161,-0.0276374816894531
1142,1169216,1169408,-192,-0.032958984375
1143,1170234,1170432,-198,-0.0339889526367188
1144,1171269,1171456,-187,-0.0321006774902344
1145,1172320,1172480,-160,-0.0274658203125
1146,1173366,1173504,-138,-0.0236892700195312
1147,1174403,1174528,-125,-0.0214576721191406
1148,1175414,1175552,-138,-0.0236892700195312
1149,1176388,1176576,-188,-0.0322723388671875
1150,1177371,1177600,-229,-0.0393104553222656
1151,1178376,1178624,-248,-0.042572021484375
1152,1179364,1179648,-284,-0.0487518310546875
1153,1180342,1180672,-330,-0.0566482543945312
1154,1181295,1181696,-401,-0.0688362121582031
1155,1182239,1182720,-481,-0.0825691223144531
1156,1183188,1183744,-556,-0.0954437255859375
1157,1184141,1184768,-627,-0.107631683349609
1158,1185112,1185792,-680,-0.116729736328125
1159,1186054,1186816,-762,-0.130805969238281
1160,1186979,1187840,-861,-0.147800445556641
1161,1187901,1188864,-963,-0.165309906005859
1162,1188806,1189888,-1082,-0.185737609863281
1163,1189700,1190912,-1212,-0.208053588867188
1164,1190609,1191936,-1327,-0.227794647216797
1165,1191506,1192960,-1454,-0.249595642089844
1166,1192403,1193984,-1581,-0.271396636962891
1167,1193279,1195008,-1729,-0.296802520751953
1168,1194167,1196032,-1865,-0.320148468017578
1169,1195027,1197056,-2029,-0.348300933837891
1170,1195889,1198080,-2191,-0.376110076904297
1171,1196742,1199104,-2362,-0.405464172363281
1172,1197586,1200128,-2542,-0.436363220214844
1173,1198425,1201152,-2727,-0.468120574951172
1174,1199284,1202176,-2892,-0.496444702148438
1175,1200151,1203200,-3049,-0.523395538330078
1176,1201023,1204224,-3201,-0.549488067626953
1177,1201889,1205248,-3359,-0.576610565185547
1178,1202770,1206272,-3502,-0.601158142089844
1179,1203651,1207296,-3645,-0.625705718994141
1180,1204567,1208320,-3753,-0.644245147705078
1181,1205511,1209344,-3833,-0.657978057861328
1182,1206461,1210368,-3907,-0.670680999755859
1183,1207400,1211392,-3992,-0.685272216796875
1184,1208321,1212416,-4095,-0.702953338623047
1185,1209220,1213440,-4220,-0.724411010742188
1186,1210115,1214464,-4349,-0.746555328369141
1187,1211047,1215488,-4441,-0.762348175048828
1188,1212005,1216512,-4507,-0.773677825927734
1189,1212948,1217536,-4588,-0.787582397460938
1190,1213883,1218560,-4677,-0.802860260009766
1191,1214808,1219584,-4776,-0.819854736328125
1192,1215710,1220608,-4898,-0.840797424316406
1193,1216630,1221632,-5002,-0.858650207519531
1194,1217602,1222656,-5054,-0.867576599121094
1195,1218564,1223680,-5116,-0.878219604492188
1196,1219506,1224704,-5198,-0.892295837402344
1197,1220431,1225728,-5297,-0.909290313720703
1198,1221360,1226752,-5392,-0.92559814453125
1199,1222292,1227776,-5484,-0.941390991210938
1200,1223234,1228800,-5566,-0.955467224121094
1201,1224219,1229824,-5605,-0.962162017822266
1202,1225203,1230848,-5645,-0.969028472900391
1203,1226177,1231872,-5695,-0.977611541748047
1204,1227179,1232896,-5717,-0.981388092041016
1205,1228183,1233920,-5737,-0.984821319580078
1206,1229192,1234944,-5752,-0.987396240234375
1207,1230175,1235968,-5793,-0.994434356689453
1208,1231180,1236992,-5812,-0.997695922851562
1209,1232198,1238016,-5818,-0.998725891113281
1210,1233223,1239040,-5817,-0.998554229736328
1211,1234276,1240064,-5788,-0.993576049804688
1212,1235325,1241088,-5763,-0.989284515380859
1213,1236364,1242112,-5748,-0.986709594726562
1214,1237415,1243136,-5721,-0.982074737548828
1215,1238482,1244160,-5678,-0.974693298339844
1216,1239559,1245184,-5625,-0.965595245361328
1217,1240617,1246208,-5591,-0.959758758544922
1218,1241644,1247232,-5588,-0.959243774414062
1219,1242649,1248256,-5607,-0.962505340576172
1220,1243627,1249280,-5653,-0.970401763916016
1221,1244587,1250304,-5717,-0.981388092041016
1222,1245548,1251328,-5780,-0.992202758789062
1223,1246510,1252352,-5842,-1.00284576416016
1224,1247447,1253376,-5929,-1.01778030395508
1225,1248374,1254400,-6026,-1.03443145751953
1226,1249308,1255424,-6116,-1.04988098144531
1227,1250254,1256448,-6194,-1.06327056884766
1228,1251198,1257472,-6274,-1.07700347900391
1229,1252123,1258496,-6373,-1.09399795532227
1230,1253055,1259520,-6465,-1.10979080200195
1231,1253983,1260544,-6561,-1.12627029418945
1232,1254901,1261568,-6667,-1.14446640014648
1233,1255798,1262592,-6794,-1.16626739501953
1234,1256739,1263616,-6877,-1.18051528930664
1235,1257676,1264640,-6964,-1.19544982910156
1236,1258589,1265664,-7075,-1.21450424194336
1237,1259512,1266688,-7176,-1.23184204101562
1238,1260482,1267712,-7230,-1.24111175537109
1239,1261423,1268736,-7313,-1.2553596496582
1240,1262371,1269760,-7389,-1.26840591430664
1241,1263308,1270784,-7476,-1.28334045410156
1242,1264268,1271808,-7540,-1.29432678222656
1243,1265191,1272832,-7641,-1.31166458129883
1244,1266118,1273856,-7738,-1.32831573486328
1245,1267081,1274880,-7799,-1.33878707885742
1246,1268071,1275904,-7833,-1.34462356567383
1247,1269015,1276928,-7913,-1.35835647583008
1248,1270000,1277952,-7952,-1.36505126953125
1249,1270984,1278976,-7992,-1.37191772460938
1250,1272009,1280000,-7991,-1.37174606323242
1251,1273032,1281024,-7992,-1.37191772460938
1252,1274066,1282048,-7982,-1.37020111083984
1253,1275103,1283072,-7969,-1.36796951293945
1254,1276126,1284096,-7970,-1.36814117431641
1255,1277142,1285120,-7978,-1.36951446533203
1256,1278175,1286144,-7969,-1.36796951293945
1257,1279202,1287168,-7966,-1.36745452880859
1258,1280258,1288192,-7934,-1.36196136474609
1259,1281299,1289216,-7917,-1.35904312133789
1260,1282343,1290240,-7897,-1.35560989379883
1261,1283401,1291264,-7863,-1.34977340698242
1262,1284499,1292288,-7789,-1.33707046508789
1263,1285601,1293312,-7711,-1.32368087768555
1264,1286687,1294336,-7649,-1.31303787231445
1265,1287793,1295360,-7567,-1.2989616394043
1266,1288905,1296384,-7479,-1.28385543823242
1267,1289998,1297408,-7410,-1.27201080322266
1268,1291100,1298432,-7332,-1.25862121582031
1269,1292221,1299456,-7235,-1.24197006225586
1270,1293358,1300480,-7122,-1.22257232666016
1271,1294446,1301504,-7058,-1.21158599853516
1272,1295551,1302528,-6977,-1.19768142700195
1273,1296636,1303552,-6916,-1.18721008300781
1274,1297718,1304576,-6858,-1.17725372314453
1275,1298820,1305600,-6780,-1.16386413574219
1276,1299936,1306624,-6688,-1.1480712890625
1277,1301045,1307648,-6603,-1.13348007202148
1278,1302131,1308672,-6541,-1.12283706665039
1279,1303182,1309696,-6514,-1.11820220947266
1280,1304286,1310720,-6434,-1.10446929931641
1281,1305377,1311744,-6367,-1.09296798706055
1282,1306509,1312768,-6259,-1.07442855834961
1283,1307614,1313792,-6178,-1.06052398681641
1284,1308667,1314816,-6149,-1.05554580688477
1285,1309702,1315840,-6138,-1.05365753173828
1286,1310727,1316864,-6137,-1.05348587036133
1287,1311769,1317888,-6119,-1.05039596557617
1288,1312833,1318912,-6079,-1.04352951049805
1289,1313852,1319936,-6084,-1.04438781738281
1290,1314847,1320960,-6113,-1.04936599731445
1291,1315795,1321984,-6189,-1.06241226196289
1292,1316757,1323008,-6251,-1.07305526733398
1293,1317766,1324032,-6266,-1.07563018798828
1294,1318754,1325056,-6302,-1.08180999755859
1295,1319726,1326080,-6354,-1.09073638916016
1296,1320693,1327104,-6411,-1.10052108764648
1297,1321648,1328128,-6480,-1.11236572265625
1298,1322597,1329152,-6555,-1.12524032592773
1299,1323571,1330176,-6605,-1.13382339477539
1300,1324573,1331200,-6627,-1.13759994506836
1301,1325582,1332224,-6642,-1.14017486572266
1302,1326584,1333248,-6664,-1.14395141601562
1303,1327609,1334272,-6663,-1.14377975463867
1304,1328653,1335296,-6643,-1.14034652709961
1305,1329699,1336320,-6621,-1.13656997680664
1306,1330757,1337344,-6587,-1.13073348999023
1307,1331852,1338368,-6516,-1.11854553222656
1308,1332954,1339392,-6438,-1.10515594482422
1309,1334087,1340416,-6329,-1.08644485473633
1310,1335231,1341440,-6209,-1.06584548950195
1311,1336373,1342464,-6091,-1.04558944702148
1312,1337552,1343488,-5936,-1.01898193359375
1313,1338733,1344512,-5779,-0.992031097412109
1314,1339931,1345536,-5605,-0.962162017822266
1315,1341131,1346560,-5429,-0.931949615478516
1316,1342289,1347584,-5295,-0.908946990966797
1317,1343459,1348608,-5149,-0.883884429931641
1318,1344612,1349632,-5020,-0.861740112304688
1319,1345777,1350656,-4879,-0.837535858154297
1320,1346940,1351680,-4740,-0.813674926757812
1321,1348049,1352704,-4655,-0.799083709716797
1322,1349170,1353728,-4558,-0.782432556152344
1323,1350279,1354752,-4473,-0.767841339111328
1324,1351384,1355776,-4392,-0.753936767578125
1325,1352514,1356800,-4286,-0.735740661621094
1326,1353628,1357824,-4196,-0.720291137695312
1327,1354730,1358848,-4118,-0.706901550292969
1328,1355841,1359872,-4031,-0.691967010498047
1329,1356939,1360896,-3957,-0.679264068603516
1330,1358036,1361920,-3884,-0.666732788085938
1331,1359139,1362944,-3805,-0.653171539306641
1332,1360245,1363968,-3723,-0.639095306396484
1333,1361334,1364992,-3658,-0.627937316894531
1334,1362433,1366016,-3583,-0.615062713623047
1335,1363515,1367040,-3525,-0.605106353759766
1336,1364582,1368064,-3482,-0.597724914550781
1337,1365614,1369088,-3474,-0.596351623535156
1338,1366681,1370112,-3431,-0.588970184326172
1339,1367795,1371136,-3341,-0.573520660400391
1340,1368853,1372160,-3307,-0.567684173583984
1341,1369909,1373184,-3275,-0.562191009521484
1342,1370974,1374208,-3234,-0.555152893066406
1343,1372038,1375232,-3194,-0.548286437988281
1344,1373103,1376256,-3153,-0.541248321533203
1345,1374170,1377280,-3110,-0.533866882324219
1346,1375240,1378304,-3064,-0.525970458984375
1347,1376261,1379328,-3067,-0.526485443115234
1348,1377267,1380352,-3085,-0.529575347900391
1349,1378288,1381376,-3088,-0.53009033203125
1350,1379299,1382400,-3101,-0.532321929931641
1351,1380334,1383424,-3090,-0.530433654785156
1352,1381329,1384448,-3119,-0.535411834716797
1353,1382340,1385472,-3132,-0.537643432617188
1354,1383340,1386496,-3156,-0.541763305664062
1355,1384335,1387520,-3185,-0.546741485595703
1356,1385376,1388544,-3168,-0.5438232421875
1357,1386383,1389568,-3185,-0.546741485595703
1358,1387392,1390592,-3200,-0.54931640625
1359,1388412,1391616,-3204,-0.550003051757812
1360,1389393,1392640,-3247,-0.557384490966797
1361,1390398,1393664,-3266,-0.560646057128906
1362,1391397,1394688,-3291,-0.564937591552734
1363,1392425,1395712,-3287,-0.564250946044922
1364,1393483,1396736,-3253,-0.558414459228516
1365,1394490,1397760,-3270,-0.561332702636719
1366,1395520,1398784,-3264,-0.560302734375
1367,1396542,1399808,-3266,-0.560646057128906
1368,1397577,1400832,-3255,-0.558757781982422
1369,1398649,1401856,-3207,-0.550518035888672
1370,1399732,1402880,-3148,-0.540390014648438
1371,1400835,1403904,-3069,-0.526828765869141
1372,1401920,1404928,-3008,-0.516357421875
1373,1402983,1405952,-2969,-0.509662628173828
1374,1404102,1406976,-2874,-0.493354797363281
1375,1405213,1408000,-2787,-0.478420257568359
1376,1406387,1409024,-2637,-0.452671051025391
1377,1407532,1410048,-2516,-0.431900024414062
1378,1408627,1411072,-2445,-0.419712066650391
1379,1409729,1412096,-2367,-0.406322479248047
1380,1410824,1413120,-2296,-0.394134521484375
1381,1411926,1414144,-2218,-0.380744934082031
1382,1413054,1415168,-2114,-0.362892150878906
1383,1414147,1416192,-2045,-0.351047515869141
1384,1415216,1417216,-2000,-0.34332275390625
1385,1416249,1418240,-1991,-0.341777801513672
1386,1417307,1419264,-1957,-0.335941314697266
1387,1418392,1420288,-1896,-0.325469970703125
1388,1419443,1421312,-1869,-0.320835113525391
1389,1420485,1422336,-1851,-0.317745208740234
1390,1421522,1423360,-1838,-0.315513610839844
1391,1422533,1424384,-1851,-0.317745208740234
1392,1423544,1425408,-1864,-0.319976806640625
1393,1424570,1426432,-1862,-0.319633483886719
1394,1425574,1427456,-1882,-0.323066711425781
1395,1426585,1428480,-1895,-0.325298309326172
1396,1427601,1429504,-1903,-0.326671600341797
1397,1428601,1430528,-1927,-0.330791473388672
1398,1429603,1431552,-1949,-0.334568023681641
1399,1430591,1432576,-1985,-0.340747833251953
1400,1431574,1433600,-2026,-0.347785949707031
1401,1432569,1434624,-2055,-0.352764129638672
1402,1433567,1435648,-2081,-0.357227325439453
1403,1434585,1436672,-2087,-0.358257293701172
1404,1435596,1437696,-2100,-0.360488891601562
1405,1436561,1438720,-2159,-0.370616912841797
1406,1437556,1439744,-2188,-0.375595092773438
1407,1438579,1440768,-2189,-0.375766754150391
1408,1439588,1441792,-2204,-0.378341674804688
1409,1440583,1442816,-2233,-0.383319854736328
1410,1441557,1443840,-2283,-0.391902923583984
1411,1442528,1444864,-2336,-0.4010009765625
1412,1443465,1445888,-2423,-0.415935516357422
1413,1444395,1446912,-2517,-0.432071685791016
1414,1445343,1447936,-2593,-0.445117950439453
1415,1446294,1448960,-2666,-0.457649230957031
1416,1447219,1449984,-2765,-0.474643707275391
1417,1448153,1451008,-2855,-0.490093231201172
1418,1449088,1452032,-2944,-0.50537109375
1419,1450034,1453056,-3022,-0.518760681152344
1420,1450985,1454080,-3095,-0.531291961669922
1421,1451954,1455104,-3150,-0.540733337402344
1422,1452916,1456128,-3212,-0.551376342773438
1423,1453890,1457152,-3262,-0.559959411621094
1424,1454871,1458176,-3305,-0.567340850830078
1425,1455845,1459200,-3355,-0.575923919677734
1426,1456864,1460224,-3360,-0.5767822265625
1427,1457879,1461248,-3369,-0.578327178955078
1428,1458877,1462272,-3395,-0.582790374755859
1429,1459916,1463296,-3380,-0.580215454101562
1430,1460967,1464320,-3353,-0.575580596923828
1431,1462018,1465344,-3326,-0.570945739746094
1432,1463080,1466368,-3288,-0.564422607421875
1433,1464131,1467392,-3261,-0.559787750244141
1434,1465178,1468416,-3238,-0.555839538574219
1435,1466212,1469440,-3228,-0.554122924804688
1436,1467282,1470464,-3182,-0.546226501464844
1437,1468377,1471488,-3111,-0.534038543701172
1438,1469418,1472512,-3094,-0.531120300292969
1439,1470474,1473536,-3062,-0.525627136230469
1440,1471548,1474560,-3012,-0.517044067382812
1441,1472632,1475584,-2952,-0.506744384765625
1442,1473701,1476608,-2907,-0.499019622802734
1443,1474776,1477632,-2856,-0.490264892578125
1444,1475812,1478656,-2844,-0.488204956054688
1445,1476812,1479680,-2868,-0.492324829101562
1446,1477826,1480704,-2878,-0.494041442871094
1447,1478842,1481728,-2886,-0.495414733886719
1448,1479846,1482752,-2906,-0.498847961425781
1449,1480832,1483776,-2944,-0.50537109375
1450,1481796,1484800,-3004,-0.515670776367188
1451,1482763,1485824,-3061,-0.525455474853516
1452,1483709,1486848,-3139,-0.538845062255859
1453,1484679,1487872,-3193,-0.548114776611328
1454,1485678,1488896,-3218,-0.552406311035156
1455,1486631,1489920,-3289,-0.564594268798828
1456,1487584,1490944,-3360,-0.5767822265625
1457,1488517,1491968,-3451,-0.592403411865234
1458,1489423,1492992,-3569,-0.612659454345703
1459,1490327,1494016,-3689,-0.633258819580078
1460,1491234,1495040,-3806,-0.653343200683594
1461,1492140,1496064,-3924,-0.673599243164062
1462,1493035,1497088,-4053,-0.695743560791016
1463,1493939,1498112,-4173,-0.716342926025391
1464,1494836,1499136,-4300,-0.738143920898438
1465,1495731,1500160,-4429,-0.760288238525391
1466,1496637,1501184,-4547,-0.780544281005859
1467,1497525,1502208,-4683,-0.803890228271484
1468,1498427,1503232,-4805,-0.824832916259766
1469,1499361,1504256,-4895,-0.840282440185547
1470,1500312,1505280,-4968,-0.852813720703125
1471,1501284,1506304,-5020,-0.861740112304688
1472,1502213,1507328,-5115,-0.878047943115234
1473,1503169,1508352,-5183,-0.889720916748047
1474,1504140,1509376,-5236,-0.898818969726562
1475,1505154,1510400,-5246,-0.900535583496094
1476,1506189,1511424,-5235,-0.898647308349609
1477,1507251,1512448,-5197,-0.892124176025391
1478,1508265,1513472,-5207,-0.893840789794922
1479,1509267,1514496,-5229,-0.897617340087891
1480,1510278,1515520,-5242,-0.899848937988281
1481,1511317,1516544,-5227,-0.897274017333984
1482,1512363,1517568,-5205,-0.893497467041016
1483,1513433,1518592,-5159,-0.885601043701172
1484,1514470,1519616,-5146,-0.883369445800781
1485,1515509,1520640,-5131,-0.880794525146484
1486,1516511,1521664,-5153,-0.884571075439453
1487,1517571,1522688,-5117,-0.878391265869141
1488,1518657,1523712,-5055,-0.867748260498047
1489,1519727,1524736,-5009,-0.859851837158203
1490,1520780,1525760,-4980,-0.854873657226562
1491,1521838,1526784,-4946,-0.849037170410156
1492,1522880,1527808,-4928,-0.845947265625
1493,1523916,1528832,-4916,-0.843887329101562
1494,1524970,1529856,-4886,-0.838737487792969
1495,1526046,1530880,-4834,-0.829811096191406
1496,1527109,1531904,-4795,-0.823116302490234
1497,1528157,1532928,-4771,-0.818996429443359
1498,1529201,1533952,-4751,-0.815563201904297
1499,1530248,1534976,-4728,-0.811614990234375
1500,1531294,1536000,-4706,-0.807838439941406
1501,1532356,1537024,-4668,-0.801315307617188
1502,1533414,1538048,-4634,-0.795478820800781
1503,1534481,1539072,-4591,-0.788097381591797
1504,1535556,1540096,-4540,-0.779342651367188
1505,1536579,1541120,-4541,-0.779514312744141
1506,1537609,1542144,-4535,-0.778484344482422
1507,1538678,1543168,-4490,-0.770759582519531
1508,1539717,1544192,-4475,-0.768184661865234
1509,1540738,1545216,-4478,-0.768699645996094
1510,1541733,1546240,-4507,-0.773677825927734
1511,1542709,1547264,-4555,-0.781917572021484
1512,1543653,1548288,-4635,-0.795650482177734
1513,1544585,1549312,-4727,-0.811443328857422
1514,1545515,1550336,-4821,-0.827579498291016
1515,1546442,1551360,-4918,-0.844230651855469
1516,1547349,1552384,-5035,-0.864315032958984
1517,1548269,1553408,-5139,-0.882167816162109
1518,1549180,1554432,-5252,-0.901565551757812
1519,1550094,1555456,-5362,-0.920448303222656
1520,1551016,1556480,-5464,-0.937957763671875
1521,1551955,1557504,-5549,-0.952548980712891
1522,1552887,1558528,-5641,-0.968341827392578
1523,1553852,1559552,-5700,-0.978469848632812
1524,1554796,1560576,-5780,-0.992202758789062
1525,1555726,1561600,-5874,-1.00833892822266
1526,1556697,1562624,-5927,-1.01743698120117
1527,1557669,1563648,-5979,-1.02636337280273
1528,1558624,1564672,-6048,-1.0382080078125
1529,1559601,1565696,-6095,-1.0462760925293
1530,1560600,1566720,-6120,-1.05056762695312
1531,1561586,1567744,-6158,-1.05709075927734
1532,1562588,1568768,-6180,-1.06086730957031
1533,1563611,1569792,-6181,-1.06103897094727
1534,1564625,1570816,-6191,-1.0627555847168
1535,1565620,1571840,-6220,-1.06773376464844
1536,1566647,1572864,-6217,-1.06721878051758
1537,1567728,1573888,-6160,-1.05743408203125
1538,1568798,1574912,-6114,-1.04953765869141
1539,1569832,1575936,-6104,-1.04782104492188
1540,1570897,1576960,-6063,-1.0407829284668
1541,1571974,1577984,-6010,-1.03168487548828
1542,1573043,1579008,-5965,-1.02396011352539
1543,1574127,1580032,-5905,-1.0136604309082
1544,1575199,1581056,-5857,-1.00542068481445
1545,1576247,1582080,-5833,-1.00130081176758
1546,1577277,1583104,-5827,-1.00027084350586
1547,1578310,1584128,-5818,-0.998725891113281
1548,1579363,1585152,-5789,-0.993747711181641
1549,1580411,1586176,-5765,-0.989627838134766
1550,1581437,1587200,-5763,-0.989284515380859
1551,1582471,1588224,-5753,-0.987567901611328
1552,1583471,1589248,-5777,-0.991687774658203
1553,1584461,1590272,-5811,-0.997524261474609
1554,1585491,1591296,-5805,-0.996494293212891
1555,1586493,1592320,-5827,-1.00027084350586
1556,1587493,1593344,-5851,-1.00439071655273
1557,1588488,1594368,-5880,-1.00936889648438
1558,1589443,1595392,-5949,-1.02121353149414
1559,1590396,1596416,-6020,-1.03340148925781
1560,1591342,1597440,-6098,-1.04679107666016
1561,1592326,1598464,-6138,-1.05365753173828
1562,1593330,1599488,-6158,-1.05709075927734
1563,1594311,1600512,-6201,-1.06447219848633
1564,1595280,1601536,-6256,-1.07391357421875
1565,1596243,1602560,-6317,-1.08438491821289
1566,1597193,1603584,-6391,-1.09708786010742
1567,1598163,1604608,-6445,-1.10635757446289
1568,1599139,1605632,-6493,-1.11459732055664
1569,1600129,1606656,-6527,-1.12043380737305
1570,1601120,1607680,-6560,-1.1260986328125
1571,1602094,1608704,-6610,-1.13468170166016
1572,1603047,1609728,-6681,-1.14686965942383
1573,1604018,1610752,-6734,-1.15596771240234
1574,1605018,1611776,-6758,-1.16008758544922
1575,1606043,1612800,-6757,-1.15991592407227
1576,1607064,1613824,-6760,-1.16043090820312
1577,1608064,1614848,-6784,-1.16455078125
1578,1609024,1615872,-6848,-1.175537109375
1579,1609951,1616896,-6945,-1.19218826293945
1580,1610899,1617920,-7021,-1.20523452758789
1581,1611859,1618944,-7085,-1.21622085571289
1582,1612815,1619968,-7153,-1.2278938293457
1583,1613770,1620992,-7222,-1.23973846435547
1584,1614709,1622016,-7307,-1.25432968139648
1585,1615623,1623040,-7417,-1.27321243286133
1586,1616529,1624064,-7535,-1.2934684753418
1587,1617463,1625088,-7625,-1.30891799926758
1588,1618430,1626112,-7682,-1.31870269775391
1589,1619381,1627136,-7755,-1.33123397827148
1590,1620323,1628160,-7837,-1.34531021118164
1591,1621266,1629184,-7918,-1.35921478271484
1592,1622184,1630208,-8024,-1.37741088867188
1593,1623107,1631232,-8125,-1.39474868774414
1594,1624065,1632256,-8191,-1.40607833862305
1595,1625023,1633280,-8257,-1.41740798950195
1596,1625985,1634304,-8319,-1.42805099487305
1597,1626959,1635328,-8369,-1.4366340637207
1598,1627956,1636352,-8396,-1.44126892089844
1599,1628953,1637376,-8423,-1.44590377807617
1600,1629965,1638400,-8435,-1.44796371459961
1601,1630992,1639424,-8432,-1.44744873046875
1602,1632022,1640448,-8426,-1.44641876220703
1603,1633055,1641472,-8417,-1.44487380981445
1604,1634122,1642496,-8374,-1.43749237060547
1605,1635226,1643520,-8294,-1.42375946044922
1606,1636301,1644544,-8243,-1.41500473022461
1607,1637368,1645568,-8200,-1.40762329101562
1608,1638475,1646592,-8117,-1.39337539672852
1609,1639558,1647616,-8058,-1.38324737548828
1610,1640649,1648640,-7991,-1.37174606323242
1611,1641718,1649664,-7946,-1.36402130126953
1612,1642788,1650688,-7900,-1.35612487792969
1613,1643841,1651712,-7871,-1.35114669799805
1614,1644845,1652736,-7891,-1.35457992553711
1615,1645847,1653760,-7913,-1.35835647583008
1616,1646866,1654784,-7918,-1.35921478271484
1617,1647851,1655808,-7957,-1.36590957641602
1618,1648828,1656832,-8004,-1.37397766113281
1619,1649806,1657856,-8050,-1.38187408447266
1620,1650794,1658880,-8086,-1.38805389404297
1621,1651766,1659904,-8138,-1.39698028564453
1622,1652747,1660928,-8181,-1.40436172485352
1623,1653744,1661952,-8208,-1.40899658203125
1624,1654725,1662976,-8251,-1.41637802124023
1625,1655692,1664000,-8308,-1.42616271972656
1626,1656666,1665024,-8358,-1.43474578857422
1627,1657645,1666048,-8403,-1.44247055053711
1628,1658589,1667072,-8483,-1.45620346069336
1629,1659532,1668096,-8564,-1.47010803222656
1630,1660518,1669120,-8602,-1.47663116455078
1631,1661473,1670144,-8671,-1.48847579956055
1632,1662417,1671168,-8751,-1.5022087097168
1633,1663396,1672192,-8796,-1.50993347167969
1634,1664344,1673216,-8872,-1.52297973632812
1635,1665267,1674240,-8973,-1.54031753540039
1636,1666199,1675264,-9065,-1.55611038208008
1637,1667152,1676288,-9136,-1.56829833984375
1638,1668145,1677312,-9167,-1.5736198425293
1639,1669093,1678336,-9243,-1.58666610717773
1640,1670046,1679360,-9314,-1.59885406494141
1641,1670994,1680384,-9390,-1.61190032958984
1642,1671940,1681408,-9468,-1.62528991699219
1643,1672926,1682432,-9506,-1.63181304931641
1644,1673907,1683456,-9549,-1.63919448852539
1645,1674895,1684480,-9585,-1.6453742980957
1646,1675874,1685504,-9630,-1.65309906005859
1647,1676808,1686528,-9720,-1.66854858398438
1648,1677754,1687552,-9798,-1.68193817138672
1649,1678717,1688576,-9859,-1.69240951538086
1650,1679672,1689600,-9928,-1.70425415039062
1651,1680646,1690624,-9978,-1.71283721923828
1652,1681615,1691648,-10033,-1.7222785949707
1653,1682606,1692672,-10066,-1.72794342041016
1654,1683580,1693696,-10116,-1.73652648925781
1655,1684563,1694720,-10157,-1.74356460571289
1656,1685600,1695744,-10144,-1.7413330078125
1657,1686639,1696768,-10129,-1.7387580871582
1658,1687683,1697792,-10109,-1.73532485961914
1659,1688748,1698816,-10068,-1.72828674316406
1660,1689776,1699840,-10064,-1.72760009765625
1661,1690801,1700864,-10063,-1.7274284362793
1662,1691824,1701888,-10064,-1.72760009765625
1663,1692870,1702912,-10042,-1.72382354736328
1664,1693944,1703936,-9992,-1.71524047851562
1665,1694970,1704960,-9990,-1.71489715576172
1666,1695997,1705984,-9987,-1.71438217163086
1667,1697011,1707008,-9997,-1.71609878540039
1668,1698036,1708032,-9996,-1.71592712402344
1669,1699094,1709056,-9962,-1.71009063720703
1670,1700154,1710080,-9926,-1.70391082763672
1671,1701247,1711104,-9857,-1.69206619262695
1672,1702324,1712128,-9804,-1.68296813964844
1673,1703370,1713152,-9782,-1.67919158935547
1674,1704432,1714176,-9744,-1.67266845703125
1675,1705525,1715200,-9675,-1.66082382202148
1676,1706625,1716224,-9599,-1.64777755737305
1677,1707706,1717248,-9542,-1.63799285888672
1678,1708764,1718272,-9508,-1.63215637207031
1679,1709789,1719296,-9507,-1.63198471069336
1680,1710787,1720320,-9533,-1.63644790649414
1681,1711798,1721344,-9546,-1.63867950439453
1682,1712809,1722368,-9559,-1.64091110229492
1683,1713837,1723392,-9555,-1.64022445678711
1684,1714825,1724416,-9591,-1.64640426635742
1685,1715794,1725440,-9646,-1.65584564208984
1686,1716750,1726464,-9714,-1.66751861572266
1687,1717710,1727488,-9778,-1.67850494384766
1688,1718684,1728512,-9828,-1.68708801269531
1689,1719655,1729536,-9881,-1.69618606567383
1690,1720620,1730560,-9940,-1.70631408691406
1691,1721566,1731584,-10018,-1.71970367431641
1692,1722489,1732608,-10119,-1.73704147338867
1693,1723407,1733632,-10225,-1.7552375793457
1694,1724348,1734656,-10308,-1.76948547363281
1695,1725297,1735680,-10383,-1.7823600769043
1696,1726238,1736704,-10466,-1.79660797119141
1697,1727196,1737728,-10532,-1.80793762207031
1698,1728179,1738752,-10573,-1.81497573852539
1699,1729153,1739776,-10623,-1.82355880737305
1700,1730143,1740800,-10657,-1.82939529418945
1701,1731138,1741824,-10686,-1.83437347412109
1702,1732150,1742848,-10698,-1.83643341064453
1703,1733166,1743872,-10706,-1.83780670166016
1704,1734200,1744896,-10696,-1.83609008789062
1705,1735277,1745920,-10643,-1.82699203491211
1706,1736337,1746944,-10607,-1.8208122253418
1707,1737367,1747968,-10601,-1.81978225708008
1708,1738432,1748992,-10560,-1.812744140625
1709,1739497,1750016,-10519,-1.80570602416992
1710,1740552,1751040,-10488,-1.80038452148438
1711,1741603,1752064,-10461,-1.79574966430664
1712,1742656,1753088,-10432,-1.790771484375
1713,1743700,1754112,-10412,-1.78733825683594
1714,1744707,1755136,-10429,-1.79025650024414
1715,1745704,1756160,-10456,-1.79489135742188
1716,1746739,1757184,-10445,-1.79300308227539
1717,1747757,1758208,-10451,-1.79403305053711
1718,1748764,1759232,-10468,-1.79695129394531
1719,1749796,1760256,-10460,-1.79557800292969
1720,1750838,1761280,-10442,-1.79248809814453
1721,1751849,1762304,-10455,-1.79471969604492
1722,1752911,1763328,-10417,-1.7881965637207
1723,1753974,1764352,-10378,-1.78150177001953
1724,1755076,1765376,-10300,-1.76811218261719
1725,1756171,1766400,-10229,-1.75592422485352
1726,1757262,1767424,-10162,-1.74442291259766
1727,1758366,1768448,-10082,-1.73069000244141
1728,1759487,1769472,-9985,-1.71403884887695
1729,1760615,1770496,-9881,-1.69618606567383
1730,1761789,1771520,-9731,-1.67043685913086
1731,1762924,1772544,-9620,-1.65138244628906
1732,1764073,1773568,-9495,-1.62992477416992
1733,1765189,1774592,-9403,-1.61413192749023
1734,1766310,1775616,-9306,-1.59748077392578
1735,1767459,1776640,-9181,-1.57602310180664
1736,1768619,1777664,-9045,-1.55267715454102
1737,1769740,1778688,-8948,-1.53602600097656
1738,1770844,1779712,-8868,-1.52229309082031
1739,1771942,1780736,-8794,-1.50959014892578
1740,1773056,1781760,-8704,-1.494140625
1741,1774144,1782784,-8640,-1.483154296875
1742,1775258,1783808,-8550,-1.46770477294922
1743,1776332,1784832,-8500,-1.45912170410156
1744,1777390,1785856,-8466,-1.45328521728516
1745,1778459,1786880,-8421,-1.44556045532227
1746,1779506,1787904,-8398,-1.44161224365234
1747,1780575,1788928,-8353,-1.43388748168945
1748,1781647,1789952,-8305,-1.4256477355957
1749,1782684,1790976,-8292,-1.42341613769531
1750,1783726,1792000,-8274,-1.42032623291016
1751,1784742,1793024,-8282,-1.42169952392578
1752,1785799,1794048,-8249,-1.41603469848633
1753,1786857,1795072,-8215,-1.41019821166992
1754,1787885,1796096,-8211,-1.40951156616211
1755,1788943,1797120,-8177,-1.4036750793457
1756,1789957,1798144,-8187,-1.40539169311523
1757,1790970,1799168,-8198,-1.40727996826172
1758,1791974,1800192,-8218,-1.41071319580078
1759,1792993,1801216,-8223,-1.41157150268555
1760,1794048,1802240,-8192,-1.40625
1761,1795081,1803264,-8183,-1.40470504760742
1762,1796097,1804288,-8191,-1.40607833862305
1763,1797117,1805312,-8195,-1.40676498413086
1764,1798154,1806336,-8182,-1.40453338623047
1765,1799247,1807360,-8113,-1.3926887512207
1766,1800335,1808384,-8049,-1.3817024230957
1767,1801463,1809408,-7945,-1.36384963989258
1768,1802602,1810432,-7830,-1.34410858154297
1769,1803714,1811456,-7742,-1.32900238037109
1770,1804867,1812480,-7613,-1.30685806274414
1771,1806053,1813504,-7451,-1.27904891967773
1772,1807263,1814528,-7265,-1.24711990356445
1773,1808460,1815552,-7092,-1.21742248535156
1774,1809649,1816576,-6927,-1.1890983581543
1775,1810842,1817600,-6758,-1.16008758544922
1776,1812033,1818624,-6591,-1.13142013549805
1777,1813258,1819648,-6390,-1.09691619873047
1778,1814486,1820672,-6186,-1.06189727783203
1779,1815696,1821696,-6000,-1.02996826171875
1780,1816896,1822720,-5824,-0.999755859375
1781,1818089,1823744,-5655,-0.970745086669922
1782,1819317,1824768,-5451,-0.935726165771484
1783,1820524,1825792,-5268,-0.904312133789062
1784,1821756,1826816,-5060,-0.868606567382812
1785,1822966,1827840,-4874,-0.836677551269531
1786,1824128,1828864,-4736,-0.81298828125
1787,1825296,1829888,-4592,-0.78826904296875
1788,1826468,1830912,-4444,-0.762863159179688
1789,1827649,1831936,-4287,-0.735912322998047
1790,1828826,1832960,-4134,-0.709648132324219
1791,1829959,1833984,-4025,-0.690937042236328
1792,1831112,1835008,-3896,-0.668792724609375
1793,1832230,1836032,-3802,-0.652656555175781
1794,1833358,1837056,-3698,-0.634803771972656
1795,1834498,1838080,-3582,-0.614891052246094
1796,1835663,1839104,-3441,-0.590686798095703
1797,1836786,1840128,-3342,-0.573692321777344
1798,1837886,1841152,-3266,-0.560646057128906
1799,1838983,1842176,-3193,-0.548114776611328
1800,1840071,1843200,-3129,-0.537128448486328
1801,1841150,1844224,-3074,-0.527687072753906
1802,1842211,1845248,-3037,-0.521335601806641
1803,1843243,1846272,-3029,-0.519962310791016
1804,1844280,1847296,-3016,-0.517730712890625
1805,1845265,1848320,-3055,-0.524425506591797
1806,1846256,1849344,-3088,-0.53009033203125
1807,1847265,1850368,-3103,-0.532665252685547
1808,1848267,1851392,-3125,-0.536441802978516
1809,1849273,1852416,-3143,-0.539531707763672
1810,1850271,1853440,-3169,-0.543994903564453
1811,1851270,1854464,-3194,-0.548286437988281
1812,1852305,1855488,-3183,-0.546398162841797
1813,1853353,1856512,-3159,-0.542278289794922
1814,1854409,1857536,-3127,-0.536785125732422
1815,1855504,1858560,-3056,-0.52459716796875
1816,1856604,1859584,-2980,-0.511550903320312
1817,1857690,1860608,-2918,-0.500907897949219
1818,1858780,1861632,-2852,-0.489578247070312
1819,1859908,1862656,-2748,-0.471725463867188
1820,1861071,1863680,-2609,-0.447864532470703
1821,1862255,1864704,-2449,-0.420398712158203
1822,1863422,1865728,-2306,-0.395851135253906
1823,1864610,1866752,-2142,-0.367698669433594
1824,1865792,1867776,-1984,-0.340576171875
1825,1866985,1868800,-1815,-0.311565399169922
1826,1868225,1869824,-1599,-0.274486541748047
1827,1869476,1870848,-1372,-0.235519409179688
1828,1870702,1871872,-1170,-0.200843811035156
1829,1871939,1872896,-957,-0.164279937744141
1830,1873151,1873920,-769,-0.132007598876953
1831,1874365,1874944,-579,-0.0993919372558594
1832,1875574,1875968,-394,-0.0676345825195312
1833,1876758,1876992,-234,-0.0401687622070312
1834,1877930,1878016,-86,-0.0147628784179688
1835,1879053,1879040,13,0.00223159790039062
1836,1880199,1880064,135,0.0231742858886719
1837,1881346,1881088,258,0.0442886352539062
1838,1882460,1882112,348,0.0597381591796875
1839,1883555,1883136,419,0.0719261169433594
1840,1884620,1884160,460,0.0789642333984375
1841,1885715,1885184,531,0.0911521911621094
1842,1886817,1886208,609,0.104541778564453
1843,1887894,1887232,662,0.113639831542969
1844,1888979,1888256,723,0.124111175537109
1845,1890005,1889280,725,0.124454498291016
1846,1891039,1890304,735,0.126171112060547
1847,1892034,1891328,706,0.121192932128906
1848,1893050,1892352,698,0.119819641113281
1849,1894092,1893376,716,0.122909545898438
1850,1895084,1894400,684,0.117416381835938
1851,1896075,1895424,651,0.111751556396484
1852,1897044,1896448,596,0.102310180664062
1853,1898027,1897472,555,0.0952720642089844
1854,1899027,1898496,531,0.0911521911621094
1855,1900020,1899520,500,0.0858306884765625
1856,1901061,1900544,517,0.0887489318847656
1857,1902096,1901568,528,0.09063720703125
1858,1903105,1902592,513,0.0880622863769531
1859,1904123,1903616,507,0.0870323181152344
1860,1905155,1904640,515,0.0884056091308594
1861,1906232,1905664,568,0.097503662109375
1862,1907311,1906688,623,0.106945037841797
1863,1908394,1907712,682,0.117073059082031
1864,1909443,1908736,707,0.121364593505859
1865,1910471,1909760,711,0.122051239013672
1866,1911498,1910784,714,0.122566223144531
1867,1912540,1911808,732,0.125656127929688
1868,1913614,1912832,782,0.134239196777344
1869,1914676,1913856,820,0.140762329101562
1870,1915706,1914880,826,0.141792297363281
1871,1916736,1915904,832,0.142822265625
1872,1917773,1916928,845,0.145053863525391
1873,1918822,1917952,870,0.149345397949219
1874,1919903,1918976,927,0.159130096435547
1875,1920987,1920000,987,0.169429779052734
1876,1922082,1921024,1058,0.181617736816406
1877,1923144,1922048,1096,0.188140869140625
1878,1924214,1923072,1142,0.196037292480469
1879,1925286,1924096,1190,0.204277038574219
1880,1926374,1925120,1254,0.215263366699219
1881,1927478,1926144,1334,0.228996276855469
1882,1928616,1927168,1448,0.248565673828125
1883,1929725,1928192,1533,0.263156890869141
1884,1930836,1929216,1620,0.278091430664062
1885,1931957,1930240,1717,0.294742584228516
1886,1933078,1931264,1814,0.311393737792969
1887,1934203,1932288,1915,0.328731536865234
1888,1935361,1933312,2049,0.351734161376953
1889,1936501,1934336,2165,0.371646881103516
1890,1937624,1935360,2264,0.388641357421875
1891,1938733,1936384,2349,0.403232574462891
1892,1939840,1937408,2432,0.41748046875
1893,1940930,1938432,2498,0.428810119628906
1894,1941998,1939456,2542,0.436363220214844
1895,1943053,1940480,2573,0.441684722900391
1896,1944081,1941504,2577,0.442371368408203
1897,1945085,1942528,2557,0.438938140869141
1898,1946059,1943552,2507,0.430355072021484
1899,1947031,1944576,2455,0.421428680419922
1900,1947984,1945600,2384,0.40924072265625
1901,1948921,1946624,2297,0.394306182861328
1902,1949869,1947648,2221,0.381259918212891
1903,1950810,1948672,2138,0.367012023925781
1904,1951738,1949696,2042,0.350532531738281
1905,1952670,1950720,1950,0.334739685058594
1906,1953618,1951744,1874,0.321693420410156
1907,1954578,1952768,1810,0.310707092285156
1908,1955527,1953792,1735,0.297832489013672
1909,1956477,1954816,1661,0.285129547119141
1910,1957463,1955840,1623,0.278606414794922
1911,1958400,1956864,1536,0.263671875
1912,1959325,1957888,1437,0.246677398681641
1913,1960292,1958912,1380,0.236892700195312
1914,1961264,1959936,1328,0.22796630859375
1915,1962224,1960960,1264,0.21697998046875
1916,1963207,1961984,1223,0.209941864013672
1917,1964188,1963008,1180,0.202560424804688
1918,1965169,1964032,1137,0.195178985595703
1919,1966115,1965056,1059,0.181789398193359
1920,1967105,1966080,1025,0.175952911376953
1921,1968133,1967104,1029,0.176639556884766
1922,1969147,1968128,1019,0.174922943115234
1923,1970151,1969152,999,0.171489715576172
1924,1971129,1970176,953,0.163593292236328
1925,1972092,1971200,892,0.153121948242188
1926,1973098,1972224,874,0.150032043457031
1927,1974098,1973248,850,0.145912170410156
1928,1975116,1974272,844,0.144882202148438
1929,1976128,1975296,832,0.142822265625
1930,1977104,1976320,784,0.13458251953125
1931,1978092,1977344,748,0.128402709960938
1932,1979089,1978368,721,0.123767852783203
1933,1980089,1979392,697,0.119647979736328
1934,1981112,1980416,696,0.119476318359375
1935,1982116,1981440,676,0.116043090820312
1936,1983130,1982464,666,0.114326477050781
1937,1984129,1983488,641,0.110034942626953
1938,1985122,1984512,610,0.104713439941406
1939,1986180,1985536,644,0.110549926757812
1940,1987217,1986560,657,0.112781524658203
1941,1988266,1987584,682,0.117073059082031
1942,1989319,1988608,711,0.122051239013672
1943,1990332,1989632,700,0.120162963867188
1944,1991355,1990656,699,0.119991302490234
1945,1992362,1991680,682,0.117073059082031
1946,1993390,1992704,686,0.117759704589844
1947,1994447,1993728,719,0.123424530029297
1948,1995466,1994752,714,0.122566223144531
1949,1996484,1995776,708,0.121536254882812
1950,1997486,1996800,686,0.117759704589844
1951,1998481,1997824,657,0.112781524658203
1952,1999488,1998848,640,0.10986328125
1953,2000497,1999872,625,0.107288360595703
1954,2001522,2000896,626,0.107460021972656
1955,2002540,2001920,620,0.106430053710938
1956,2003535,2002944,591,0.101451873779297
1957,2004511,2003968,543,0.0932121276855469
1958,2005518,2004992,526,0.0902938842773438
1959,2006532,2006016,516,0.0885772705078125
1960,2007543,2007040,503,0.0863456726074219
1961,2008564,2008064,500,0.0858306884765625
1962,2009545,2009088,457,0.0784492492675781
1963,2010498,2010112,386,0.0662612915039062
1964,2011465,2011136,329,0.0564765930175781
1965,2012411,2012160,251,0.0430870056152344
1966,2013368,2013184,184,0.031585693359375
1967,2014312,2014208,104,0.017852783203125
1968,2015251,2015232,19,0.00326156616210938
1969,2016176,2016256,-80,-0.01373291015625
1970,2017097,2017280,-183,-0.0314140319824219
1971,2018019,2018304,-285,-0.0489234924316406
1972,2018977,2019328,-351,-0.0602531433105469
1973,2019933,2020352,-419,-0.0719261169433594
1974,2020893,2021376,-483,-0.0829124450683594
1975,2021836,2022400,-564,-0.0968170166015625
1976,2022778,2023424,-646,-0.110893249511719
1977,2023707,2024448,-741,-0.127201080322266
1978,2024658,2025472,-814,-0.139732360839844
1979,2025600,2026496,-896,-0.15380859375
1980,2026553,2027520,-967,-0.165996551513672
1981,2027510,2028544,-1034,-0.177497863769531
1982,2028473,2029568,-1095,-0.187969207763672
1983,2029470,2030592,-1122,-0.192604064941406
1984,2030472,2031616,-1144,-0.196380615234375
1985,2031488,2032640,-1152,-0.19775390625
1986,2032529,2033664,-1135,-0.194835662841797
1987,2033587,2034688,-1101,-0.188999176025391
1988,2034676,2035712,-1036,-0.177841186523438
1989,2035808,2036736,-928,-0.1593017578125
1990,2036919,2037760,-841,-0.144367218017578
1991,2038029,2038784,-755,-0.129604339599609
1992,2039135,2039808,-673,-0.115528106689453
1993,2040242,2040832,-590,-0.101280212402344
1994,2041358,2041856,-498,-0.0854873657226562
1995,2042449,2042880,-431,-0.0739860534667969
1996,2043514,2043904,-390,-0.0669479370117188
1997,2044602,2044928,-326,-0.0559616088867188
1998,2045639,2045952,-313,-0.0537300109863281
1999,2046676,2046976,-300,-0.0514984130859375
2000,2047708,2048000,-292,-0.0501251220703125
2001,2048733,2049024,-291,-0.0499534606933594
2002,2049791,2050048,-257,-0.0441169738769531
2003,2050810,2051072,-262,-0.0449752807617188
2004,2051849,2052096,-247,-0.0424003601074219
2005,2052918,2053120,-202,-0.0346755981445312
2006,2053958,2054144,-186,-0.0319290161132812
2007,2054997,2055168,-171,-0.0293540954589844
2008,2056066,2056192,-126,-0.0216293334960938
2009,2057127,2057216,-89,-0.0152778625488281
2010,2058171,2058240,-69,-0.0118446350097656
2011,2059189,2059264,-75,-0.0128746032714844
2012,2060226,2060288,-62,-0.0106430053710938
2013,2061267,2061312,-45,-0.00772476196289062
2014,2062330,2062336,-6,-0.00102996826171875
2015,2063376,2063360,16,0.00274658203125
2016,2064441,2064384,57,0.00978469848632812
2017,2065476,2065408,68,0.0116729736328125
2018,2066496,2066432,64,0.010986328125
2019,2067554,2067456,98,0.0168228149414062
2020,2068621,2068480,141,0.0242042541503906
2021,2069670,2069504,166,0.0284957885742188
2022,2070707,2070528,179,0.0307273864746094
2023,2071723,2071552,171,0.0293540954589844
2024,2072757,2072576,181,0.0310707092285156
2025,2073783,2073600,183,0.0314140319824219
2026,2074803,2074624,179,0.0307273864746094
2027,2075833,2075648,185,0.0317573547363281
2028,2076821,2076672,149,0.0255775451660156
2029,2077800,2077696,104,0.017852783203125
2030,2078814,2078720,94,0.0161361694335938
2031,2079799,2079744,55,0.00944137573242188
2032,2080799,2080768,31,0.00532150268554688
2033,2081799,2081792,7,0.00120162963867188
2034,2082793,2082816,-23,-0.00394821166992188
2035,2083802,2083840,-38,-0.00652313232421875
2036,2084790,2084864,-74,-0.0127029418945312
2037,2085806,2085888,-82,-0.0140762329101562
2038,2086869,2086912,-43,-0.00738143920898438
2039,2087897,2087936,-39,-0.00669479370117188
2040,2088940,2088960,-20,-0.0034332275390625
2041,2089949,2089984,-35,-0.00600814819335938
2042,2090963,2091008,-45,-0.00772476196289062
2043,2091974,2092032,-58,-0.00995635986328125
2044,2092988,2093056,-68,-0.0116729736328125
2045,2094027,2094080,-53,-0.00909805297851562
2046,2095087,2095104,-17,-0.00291824340820312
2047,2096115,2096128,-13,-0.00223159790039062
2048,2097152,2097152,0,0
